ALL VIDEO CARDS,December 2020,November 2020,October 2020,September 2020,August 2020,July 2020,June 2020,May 2020,April 2020,March 2020,February 2020,January 2020,December 2019,November 2019,October 2019,September 2019,August 2019,July 2019,June 2019,May 2019,April 2019,March 2019,February 2019,January 2019,December 2018,November 2018,October 2018,September 2018,August 2018,July 2018,June 2018,May 2018,April 2018,March 2018,February 2018,January 2018,December 2017,November 2017,October 2017,September 2017,August 2017,December 2016,November 2016,October 2016,September 2016,August 2016,July 2016,June 2016,May 2016,April 2016,March 2016,February 2016,January 2016,November 2015_x,November 2015_y,September 2015_x,September 2015_y,June 2015_x,June 2015_y,May 2015,April 2015,March 2015,February 2015,January 2015,November 2014,October 2014,September 2014,August 2014,July 2014,June 2014,May 2014,April 2014,March 2014,February 2014,January 2014,December 2013,November 2013,October 2013,September 2013,August 2013,July 2013,June 2013,May 2013,April 2013,March 2013,February 2013_x,February 2013_y,December 2012_x,December 2012_y,October 2012,September 2012,August 2012,July 2012,June 2012,May 2012,April 2012,March 2012,February 2012,January 2012,December 2011,November 2011,October 2011,September 2011,August 2011,July 2011,June 2011,May 2011,April 2011_x,April 2011_y,February 2011_x,February 2011_y,December 2010,November 2010_x,November 2010_y,October 2010_x,October 2010_y,July 2010,June 2010,May 2010
 NVIDIA GeForce GTX 1060,11.36%,10.60%,10.90%,10.79%,11.18%,11.64%,11.73%,11.80%,12.01%,12.67%,12.68%,13.51%,16.38%,15.16%,14.98%,14.52%,14.94%,15.35%,16.01%,16.30%,16.26%,15.58%,15.88%,14.87%,15.39%,14.60%,14.79%,14.29%,13.76%,12.89%,12.74%,12.32%,12.29%,13.89%,14.27%,15.65%,14.86%,13.41%,11.50%,7.71%,6.52%,2.09%,1.53%,1.03%,0.65%,0.24%,,,,,,,,,,,,,,,,,,,,,,,,,,,,,,,,,,,,,,,,,,,,,,,,,,,,,,,,,,,,,,,,,,,,,,,,,
 NVIDIA GeForce GTX 1050 Ti,6.46%,7.22%,7.37%,7.60%,7.78%,8.28%,8.34%,8.22%,8.48%,8.81%,9.06%,9.12%,8.96%,9.42%,10.02%,9.83%,9.80%,10.40%,10.63%,9.91%,9.92%,9.68%,9.83%,9.34%,9.31%,9.35%,11.07%,9.70%,8.74%,9.89%,8.51%,8.35%,8.60%,11.07%,11.66%,12.01%,10.80%,9.90%,8.39%,,3.51%,0.24%,,,,,,,,,,,,,,,,,,,,,,,,,,,,,,,,,,,,,,,,,,,,,,,,,,,,,,,,,,,,,,,,,,,,,,,,,,,,,
 NVIDIA GeForce RTX 2060,4.85%,3.51%,3.14%,3.00%,2.88%,2.56%,2.53%,2.38%,2.31%,2.71%,2.18%,2.20%,2.36%,2.02%,1.60%,1.54%,1.27%,1.03%,0.85%,0.68%,0.54%,0.27%,,,,,,,,,,,,,,,,,,,,,,,,,,,,,,,,,,,,,,,,,,,,,,,,,,,,,,,,,,,,,,,,,,,,,,,,,,,,,,,,,,,,,,,,,,,,,,,,,
 NVIDIA GeForce GTX 1650,4.16%,4.30%,4.04%,3.76%,3.52%,3.16%,2.99%,2.60%,2.50%,2.37%,2.14%,1.63%,1.12%,1.21%,1.04%,0.70%,0.45%,0.24%,,,,,,,,,,,,,,,,,,,,,,,,,,,,,,,,,,,,,,,,,,,,,,,,,,,,,,,,,,,,,,,,,,,,,,,,,,,,,,,,,,,,,,,,,,,,,,,,,,,,,
 NVIDIA GeForce GTX 1050,4.03%,4.62%,4.77%,4.83%,5.04%,5.24%,5.31%,5.31%,5.42%,5.42%,5.48%,5.46%,5.01%,5.36%,5.59%,5.58%,5.48%,5.94%,6.22%,5.22%,5.43%,5.31%,5.34%,5.19%,5.16%,4.99%,6.40%,5.13%,4.85%,6.37%,4.82%,4.68%,4.59%,4.68%,4.74%,4.62%,4.41%,4.40%,3.94%,,2.17%,,,,,,,,,,,,,,,,,,,,,,,,,,,,,,,,,,,,,,,,,,,,,,,,,,,,,,,,,,,,,,,,,,,,,,,,,,,,,,
 NVIDIA GeForce GTX 1070,3.48%,3.73%,3.81%,3.98%,3.96%,4.06%,4.05%,4.13%,4.22%,4.23%,4.20%,4.55%,4.35%,4.42%,4.50%,4.60%,4.66%,4.45%,4.64%,4.66%,4.51%,4.66%,4.48%,4.34%,4.16%,4.38%,3.94%,4.19%,4.15%,3.66%,3.84%,3.86%,3.69%,2.58%,1.80%,1.62%,1.71%,1.57%,1.81%,,3.28%,1.89%,1.59%,1.30%,1.03%,0.71%,0.33%,,,,,,,,,,,,,,,,,,,,,,,,,,,,,,,,,,,,,,,,,,,,,,,,,,,,,,,,,,,,,,,,,,,,,,,,
 NVIDIA GeForce GTX 1660 Ti,2.96%,3.04%,3.02%,2.95%,2.91%,2.68%,2.71%,2.51%,2.55%,2.48%,2.31%,1.97%,1.53%,1.62%,1.40%,1.17%,0.92%,0.63%,0.40%,0.30%,0.16%,,,,,,,,,,,,,,,,,,,,,,,,,,,,,,,,,,,,,,,,,,,,,,,,,,,,,,,,,,,,,,,,,,,,,,,,,,,,,,,,,,,,,,,,,,,,,,,,,,
 NVIDIA GeForce RTX 2070,2.91%,1.94%,1.87%,1.99%,1.97%,1.89%,1.85%,1.81%,1.79%,2.01%,1.68%,1.74%,1.80%,1.66%,1.47%,1.51%,1.39%,1.20%,1.10%,0.95%,0.85%,0.65%,0.50%,0.33%,0.17%,,,,,,,,,,,,,,,,,,,,,,,,,,,,,,,,,,,,,,,,,,,,,,,,,,,,,,,,,,,,,,,,,,,,,,,,,,,,,,,,,,,,,,,,,,,,,,
 NVIDIA GeForce RTX 2070 SUPER,2.84%,2.29%,2.19%,2.23%,2.05%,1.84%,1.60%,1.40%,1.25%,1.21%,0.93%,0.80%,0.60%,0.44%,0.26%,0.18%,,,,,,,,,,,,,,,,,,,,,,,,,,,,,,,,,,,,,,,,,,,,,,,,,,,,,,,,,,,,,,,,,,,,,,,,,,,,,,,,,,,,,,,,,,,,,,,,,,,,,,,
 NVIDIA Graphics Device,2.47%,1.01%,0.66%,0.59%,0.52%,0.37%,0.26%,0.17%,,,,,,,,,,,,,,,,,,,,,,,,,,,,,,,,,,,,,,,,,,,,,,,,,,,,,,,,,,,,,,,,,,,,,,,,,,,,,,,,,,,,,,,,,,,,,,,,,,,,,,,,,,,,,,,
 NVIDIA GeForce GTX 1660,2.42%,1.86%,2.10%,1.72%,1.66%,1.72%,1.64%,1.51%,1.40%,1.46%,1.28%,1.18%,1.42%,1.08%,0.88%,0.65%,0.53%,0.40%,0.24%,,,,,,,,,,,,,,,,,,,,,,,,,,,,,,,,,,,,,,,,,,,,,,,,,,,,,,,,,,,,,,,,,,,,,,,,,,,,,,,,,,,,,,,,,,,,,,,,,,,,
 NVIDIA GeForce GTX 1080,2.30%,2.24%,2.33%,2.46%,2.45%,2.45%,2.48%,2.52%,2.54%,2.59%,2.50%,2.80%,2.78%,2.72%,2.67%,2.78%,2.86%,2.66%,2.95%,2.90%,2.89%,2.90%,2.83%,2.84%,2.85%,2.97%,2.74%,2.78%,2.80%,2.30%,2.43%,2.37%,2.23%,1.51%,1.05%,0.88%,0.90%,0.81%,0.95%,,1.69%,0.99%,0.86%,0.75%,0.64%,0.49%,0.30%,,,,,,,,,,,,,,,,,,,,,,,,,,,,,,,,,,,,,,,,,,,,,,,,,,,,,,,,,,,,,,,,,,,,,,,,
 NVIDIA GeForce GTX 1660 SUPER,2.19%,1.93%,1.77%,1.60%,1.42%,1.18%,0.94%,0.71%,0.59%,0.44%,0.32%,0.18%,,,,,,,,,,,,,,,,,,,,,,,,,,,,,,,,,,,,,,,,,,,,,,,,,,,,,,,,,,,,,,,,,,,,,,,,,,,,,,,,,,,,,,,,,,,,,,,,,,,,,,,,,,,
 NVIDIA GeForce RTX 2060 SUPER,1.94%,1.45%,1.37%,1.35%,1.25%,1.09%,0.97%,0.81%,0.75%,0.75%,0.58%,0.49%,0.37%,0.26%,0.16%,,,,,,,,,,,,,,,,,,,,,,,,,,,,,,,,,,,,,,,,,,,,,,,,,,,,,,,,,,,,,,,,,,,,,,,,,,,,,,,,,,,,,,,,,,,,,,,,,,,,,,,,
 AMD Radeon RX 580,1.90%,2.14%,2.16%,2.22%,2.15%,2.16%,2.06%,2.03%,1.94%,1.95%,1.79%,1.85%,1.58%,1.60%,1.60%,1.53%,1.45%,1.38%,1.32%,1.25%,1.15%,1.10%,0.94%,0.82%,0.67%,0.63%,0.50%,0.47%,0.44%,0.34%,0.35%,0.33%,0.29%,0.19%,,,,,,,,,,,,,,,,,,,,,,,,,,,,,,,,,,,,,,,,,,,,,,,,,,,,,,,,,,,,,,,,,,,,,,,,,,,,,,,,,,,,,
 NVIDIA GeForce GTX 970,1.51%,1.75%,1.79%,1.91%,1.88%,1.97%,2.04%,2.09%,2.19%,2.12%,2.28%,2.49%,2.28%,2.43%,2.47%,2.64%,2.69%,2.59%,2.77%,2.77%,2.81%,2.99%,2.95%,3.03%,3.06%,3.34%,3.05%,3.30%,3.51%,3.14%,3.53%,3.56%,3.51%,2.51%,1.84%,1.72%,1.95%,1.94%,2.35%,,4.46%,4.86%,5.09%,5.16%,5.17%,5.26%,5.22%,5.24%,5.13%,5.10%,4.93%,4.55%,4.28%,4.00%,4.00%,3.50%,3.50%,2.84%,2.84%,2.50%,,,,1.43%,0.53%,0.21%,,,,,,,,,,,,,,,,,,,,,,,,,,,,,,,,,,,,,,,,,,,,,,,,,,,,,
 AMD Radeon RX 570,1.35%,1.48%,1.47%,1.50%,1.45%,1.45%,1.34%,1.26%,1.19%,1.13%,1.04%,1.01%,0.87%,0.82%,0.85%,0.74%,0.70%,0.70%,0.63%,0.45%,0.45%,0.34%,0.28%,0.23%,0.15%,,,,,,,,,,,,,,,,,,,,,,,,,,,,,,,,,,,,,,,,,,,,,,,,,,,,,,,,,,,,,,,,,,,,,,,,,,,,,,,,,,,,,,,,,,,,,,
 NVIDIA GeForce RTX 2080 SUPER,1.32%,0.88%,0.86%,0.87%,0.80%,0.71%,0.64%,0.58%,0.49%,0.54%,0.36%,0.32%,0.29%,0.16%,,,,,,,,,,,,,,,,,,,,,,,,,,,,,,,,,,,,,,,,,,,,,,,,,,,,,,,,,,,,,,,,,,,,,,,,,,,,,,,,,,,,,,,,,,,,,,,,,,,,,,,,,
 NVIDIA GeForce GTX 960,1.30%,1.40%,1.43%,1.47%,1.52%,1.58%,1.62%,1.71%,1.77%,1.73%,1.99%,2.17%,2.81%,2.61%,2.34%,2.43%,2.64%,2.69%,2.74%,3.12%,3.20%,3.28%,3.60%,3.50%,3.56%,3.71%,3.86%,4.25%,4.32%,4.41%,4.82%,5.34%,5.65%,10.11%,12.09%,13.70%,13.22%,14.06%,12.96%,6.81%,5.89%,3.72%,3.77%,3.82%,3.82%,3.86%,3.72%,3.55%,3.40%,3.26%,3.13%,2.92%,2.53%,1.99%,1.99%,1.57%,1.57%,0.89%,0.89%,0.64%,,,,,,,,,,,,,,,,,,,,,,,,,,,,,,,,,,,,,,,,,,,,,,,,,,,,,,,,,,,
 NVIDIA GeForce GTX 1080 Ti,1.29%,1.43%,1.48%,1.59%,1.55%,1.57%,1.58%,1.60%,1.63%,1.58%,1.59%,1.73%,1.58%,1.65%,1.62%,1.72%,1.73%,1.59%,1.76%,1.73%,1.67%,1.70%,1.62%,1.64%,1.68%,1.69%,1.53%,1.54%,1.50%,1.23%,1.27%,1.22%,1.17%,0.75%,0.47%,0.40%,0.40%,0.34%,0.39%,,0.56%,,,,,,,,,,,,,,,,,,,,,,,,,,,,,,,,,,,,,,,,,,,,,,,,,,,,,,,,,,,,,,,,,,,,,,,,,,,,,,
 NVIDIA GeForce GTX 1070 Ti,1.14%,1.02%,1.03%,1.09%,1.08%,1.08%,1.10%,1.12%,1.16%,1.25%,1.12%,1.23%,1.27%,1.30%,1.26%,1.28%,1.32%,1.23%,1.28%,1.32%,1.35%,1.29%,1.20%,1.21%,1.14%,1.07%,0.86%,0.85%,0.78%,0.62%,0.52%,0.44%,0.40%,0.31%,0.26%,0.23%,,,,,,,,,,,,,,,,,,,,,,,,,,,,,,,,,,,,,,,,,,,,,,,,,,,,,,,,,,,,,,,,,,,,,,,,,,,,,,,,,,,
 NVIDIA GeForce RTX 2080,1.13%,0.93%,0.95%,1.01%,1.00%,0.99%,0.98%,0.99%,1.00%,1.05%,0.96%,1.07%,1.01%,0.99%,0.92%,0.94%,0.86%,0.75%,0.75%,0.64%,0.60%,0.50%,0.40%,0.31%,0.22%,,,,,,,,,,,,,,,,,,,,,,,,,,,,,,,,,,,,,,,,,,,,,,,,,,,,,,,,,,,,,,,,,,,,,,,,,,,,,,,,,,,,,,,,,,,,,,
 NVIDIA GeForce GTX 750 Ti,1.02%,1.21%,1.30%,1.29%,1.34%,1.64%,1.51%,1.48%,1.52%,1.60%,1.97%,1.99%,2.07%,2.17%,2.61%,2.30%,2.31%,3.12%,3.15%,2.59%,2.74%,2.67%,2.94%,2.95%,2.95%,3.05%,4.48%,3.84%,3.62%,5.80%,4.48%,4.46%,5.15%,9.89%,13.26%,13.66%,13.50%,14.61%,12.70%,6.22%,5.40%,3.47%,3.47%,3.29%,3.28%,3.18%,3.13%,2.95%,3.05%,2.81%,2.83%,2.67%,2.44%,2.11%,2.11%,1.92%,1.92%,1.62%,1.62%,1.54%,,,,1.18%,0.86%,0.76%,0.68%,0.55%,,,,,,,,,,,,,,,,,,,,,,,,,,,,,,,,,,,,,,,,,,,,,,,,,,,
 Intel UHD Graphics 620,0.93%,1.06%,1.18%,1.15%,1.12%,1.08%,1.11%,1.18%,1.12%,1.05%,0.91%,0.77%,0.85%,0.80%,0.76%,0.73%,0.57%,0.55%,0.48%,0.52%,0.46%,0.46%,0.40%,0.37%,0.34%,0.30%,0.26%,0.22%,0.18%,,,,,,,,,,,,,,,,,,,,,,,,,,,,,,,,,,,,,,,,,,,,,,,,,,,,,,,,,,,,,,,,,,,,,,,,,,,,,,,,,,,,,,,,,,
 AMD Radeon Vega 8 Graphics,0.89%,0.97%,0.94%,0.89%,0.83%,0.73%,0.68%,0.60%,0.58%,0.55%,0.49%,0.44%,0.35%,0.36%,0.34%,0.28%,0.21%,0.19%,0.22%,0.16%,0.24%,,,,,,,,,,,,,,,,,,,,,,,,,,,,,,,,,,,,,,,,,,,,,,,,,,,,,,,,,,,,,,,,,,,,,,,,,,,,,,,,,,,,,,,,,,,,,,,,,,
 AMD Radeon RX 5700 XT,0.89%,0.95%,0.93%,0.96%,0.88%,0.81%,0.74%,0.67%,0.61%,0.52%,0.47%,0.45%,0.26%,0.22%,0.16%,,,,,,,,,,,,,,,,,,,,,,,,,,,,,,,,,,,,,,,,,,,,,,,,,,,,,,,,,,,,,,,,,,,,,,,,,,,,,,,,,,,,,,,,,,,,,,,,,,,,,,,,
 NVIDIA GeForce RTX 2080 Ti,0.79%,0.85%,0.92%,0.97%,0.94%,0.91%,0.89%,0.83%,0.81%,0.76%,0.72%,0.73%,0.60%,0.62%,0.56%,0.53%,0.50%,0.41%,0.42%,0.35%,0.30%,0.26%,0.21%,0.15%,,,,,,,,,,,,,,,,,,,,,,,,,,,,,,,,,,,,,,,,,,,,,,,,,,,,,,,,,,,,,,,,,,,,,,,,,,,,,,,,,,,,,,,,,,,,,,,
 NVIDIA GeForce GTX 960M,0.74%,0.88%,0.89%,0.96%,1.02%,1.02%,1.12%,1.19%,1.28%,1.28%,1.33%,1.27%,1.11%,1.27%,1.26%,1.38%,1.45%,1.39%,1.41%,1.52%,1.59%,1.63%,1.72%,1.70%,1.71%,1.88%,1.68%,1.93%,1.96%,1.79%,2.00%,2.03%,2.08%,1.39%,1.01%,0.95%,1.04%,1.06%,1.32%,,2.20%,1.96%,1.91%,1.72%,1.61%,1.46%,1.24%,0.53%,,,,,,,,,,,,,,,,,,,,,,,,,,,,,,,,,,,,,,,,,,,,,,,,,,,,,,,,,,,,,,,,,,,,,,,
 NVIDIA GeForce GTX 1650 SUPER,0.74%,0.71%,0.62%,0.53%,0.44%,0.34%,0.26%,0.19%,,,,,,,,,,,,,,,,,,,,,,,,,,,,,,,,,,,,,,,,,,,,,,,,,,,,,,,,,,,,,,,,,,,,,,,,,,,,,,,,,,,,,,,,,,,,,,,,,,,,,,,,,,,,,,,
 Intel HD Graphics 620,0.64%,0.77%,0.85%,0.86%,0.86%,0.89%,0.91%,0.98%,0.96%,0.89%,0.81%,0.72%,0.83%,0.78%,0.79%,0.83%,0.80%,0.80%,0.73%,0.81%,0.74%,0.79%,0.75%,0.79%,0.77%,0.74%,0.68%,0.70%,0.70%,0.59%,0.64%,0.60%,0.52%,0.33%,0.26%,0.23%,0.24%,0.24%,0.26%,,0.26%,,,,,,,,,,,,,,,,,,,,,,,,,,,,,,,,,,,,,,,,,,,,,,,,,,,,,,,,,,,,,,,,,,,,,,,,,,,,,,
 NVIDIA GeForce 940M,0.64%,0.77%,0.79%,0.82%,0.86%,0.87%,0.95%,1.01%,1.07%,1.03%,0.95%,0.92%,0.88%,0.93%,0.93%,0.98%,1.03%,1.04%,0.98%,1.07%,1.06%,1.14%,1.13%,1.15%,1.13%,1.18%,1.04%,1.13%,1.15%,1.05%,1.13%,1.11%,1.08%,0.70%,0.52%,0.48%,0.50%,0.50%,0.61%,,0.90%,0.85%,0.79%,0.77%,0.74%,0.68%,0.59%,0.55%,0.50%,0.47%,0.43%,0.39%,0.34%,0.19%,0.19%,,,,,,,,,,,,,,,,,,,,,,,,,,,,,,,,,,,,,,,,,,,,,,,,,,,,,,,,,,,,,,,,
 NVIDIA GeForce GTX 1650 Ti,0.57%,0.58%,0.41%,0.28%,0.18%,,,,,,,,,,,,,,,,,,,,,,,,,,,,,,,,,,,,,,,,,,,,,,,,,,,,,,,,,,,,,,,,,,,,,,,,,,,,,,,,,,,,,,,,,,,,,,,,,,,,,,,,,,,,,,,,,,
 NVIDIA GeForce GT 1030,0.53%,0.62%,0.62%,0.61%,0.61%,0.62%,0.60%,0.58%,0.58%,0.58%,0.68%,0.68%,0.57%,0.63%,0.67%,0.67%,0.67%,0.70%,0.68%,0.59%,0.62%,0.56%,0.54%,0.60%,0.48%,0.49%,0.56%,0.54%,0.44%,0.60%,0.40%,0.38%,0.37%,0.24%,0.16%,,,,,,,,,,,,,,,,,,,,,,,,,,,,,,,,,,,,,,,,,,,,,,,,,,,,,,,,,,,,,,,,,,,,,,,,,,,,,,,,,,,,
 Intel HD Graphics 4000,0.50%,0.63%,0.65%,0.65%,0.68%,0.71%,0.75%,0.86%,0.82%,0.76%,0.76%,0.76%,0.78%,0.80%,0.81%,0.84%,0.89%,0.90%,0.83%,0.93%,0.89%,1.00%,0.96%,1.06%,1.06%,1.06%,0.95%,1.03%,1.10%,1.03%,1.12%,1.14%,1.09%,0.75%,0.61%,0.58%,0.67%,0.71%,0.87%,,1.58%,2.45%,2.53%,2.63%,2.56%,2.53%,2.63%,2.68%,2.75%,2.84%,2.95%,2.94%,3.19%,3.59%,3.59%,3.87%,3.87%,4.64%,4.64%,4.66%,4.69%,4.81%,4.66%,4.50%,4.66%,4.57%,4.54%,4.63%,4.78%,4.41%,4.21%,4.25%,4.22%,4.08%,4.09%,4.03%,3.69%,3.98%,3.28%,2.84%,2.65%,2.34%,2.19%,1.97%,1.79%,1.55%,1.55%,1.14%,1.14%,0.65%,,,,,,,,,,,,,,,,,,,,,,,,,,,,,
 NVIDIA GeForce RTX 3080,0.48%,0.23%,,,,,,,,,,,,,,,,,,,,,,,,,,,,,,,,,,,,,,,,,,,,,,,,,,,,,,,,,,,,,,,,,,,,,,,,,,,,,,,,,,,,,,,,,,,,,,,,,,,,,,,,,,,,,,,,,,,,,
 Intel HD Graphics 520,0.48%,0.57%,0.60%,0.61%,0.62%,0.64%,0.66%,0.72%,0.69%,0.67%,0.61%,0.58%,0.62%,0.61%,0.64%,0.66%,0.65%,0.68%,0.63%,0.70%,0.65%,0.71%,0.68%,0.72%,0.75%,0.73%,0.67%,0.71%,0.73%,0.66%,0.73%,0.71%,0.63%,0.42%,0.33%,0.31%,0.34%,0.35%,0.43%,,0.63%,0.65%,0.54%,0.51%,0.46%,0.41%,0.31%,0.26%,0.22%,0.19%,0.17%,,,,,,,,,,,,,,,,,,,,,,,,,,,,,,,,,,,,,,,,,,,,,,,,,,,,,,,,,,,,,,,,,,,,
 NVIDIA GeForce GT 730,0.47%,0.56%,0.59%,0.58%,0.62%,0.66%,0.65%,0.65%,0.67%,0.69%,0.85%,0.82%,0.80%,0.85%,1.03%,0.99%,0.96%,1.20%,0.96%,1.02%,1.18%,1.10%,1.10%,1.19%,1.19%,1.16%,1.27%,1.28%,1.17%,1.41%,1.26%,1.25%,1.27%,0.94%,0.85%,0.73%,0.82%,0.78%,0.99%,,1.61%,1.57%,1.42%,1.47%,1.47%,1.40%,1.36%,1.32%,1.38%,1.19%,1.17%,1.14%,1.08%,0.82%,0.82%,0.77%,0.77%,0.50%,0.50%,0.47%,,,,0.22%,,,,,,,,,,,,,,,,,,,,,,,,,,,,,,,,,,,,,,,,,,,,,,,,,,,,,,,
 NVIDIA GeForce MX150,0.46%,0.55%,0.57%,0.60%,0.63%,0.63%,0.66%,0.68%,0.73%,0.72%,0.68%,0.59%,0.52%,0.58%,0.56%,0.58%,0.57%,0.54%,0.49%,0.52%,0.52%,0.50%,0.48%,0.43%,0.39%,0.39%,0.31%,0.28%,0.26%,0.20%,0.18%,0.16%,,,,,,,,,,,,,,,,,,,,,,,,,,,,,,,,,,,,,,,,,,,,,,,,,,,,,,,,,,,,,,,,,,,,,,,,,,,,,,,,,,,,,,,
 NVIDIA GeForce GTX 950M,0.44%,0.52%,0.53%,0.57%,0.59%,0.61%,0.67%,0.72%,0.77%,0.76%,0.75%,0.72%,0.66%,0.74%,0.74%,0.79%,0.85%,0.80%,0.81%,0.87%,0.91%,0.94%,0.97%,0.98%,0.98%,1.05%,0.94%,1.07%,1.11%,0.99%,1.11%,1.12%,1.14%,0.77%,0.55%,0.51%,0.57%,0.56%,0.71%,,1.12%,1.03%,1.00%,0.92%,0.85%,0.77%,0.71%,0.66%,0.60%,0.57%,0.53%,0.47%,0.39%,0.29%,0.29%,0.19%,0.19%,,,,,,,,,,,,,,,,,,,,,,,,,,,,,,,,,,,,,,,,,,,,,,,,,,,,,,,,,,,,,,
 Intel Haswell,0.44%,0.53%,0.55%,0.58%,0.60%,0.63%,0.68%,0.74%,0.72%,0.69%,0.71%,0.65%,0.69%,0.69%,0.72%,0.76%,0.79%,0.80%,0.75%,0.81%,0.81%,0.88%,0.89%,0.94%,0.96%,0.92%,0.87%,0.96%,1.02%,0.97%,1.05%,1.03%,1.02%,0.69%,0.61%,0.55%,0.66%,0.67%,0.85%,,1.42%,2.10%,2.11%,2.16%,2.16%,2.17%,2.16%,1.05%,,,,,,,,,,,,,,,,,,,,,,,,,,,,,,,,,,,,,,,,,,,,,,,,,,,,,,,,,,,,,,,,,,,,,,,
 Intel UHD Graphics,0.41%,0.43%,0.38%,0.29%,0.23%,0.17%,,,,,,,,,,,,,,,,,,,,,,,,,,,,,,,,,,,,,,,,,,,,,,,,,,,,,,,,,,,,,,,,,,,,,,,,,,,,,,,,,,,,,,,,,,,,,,,,,,,,,,,,,,,,,,,,,
 Intel UHD Graphics 630,0.40%,0.46%,0.49%,0.52%,0.52%,0.50%,0.49%,0.51%,0.50%,0.51%,0.47%,0.42%,0.38%,0.41%,0.40%,0.40%,0.34%,0.31%,0.28%,0.30%,0.29%,0.26%,0.24%,0.20%,0.17%,0.16%,,,,,,,,,,,,,,,,,,,,,,,,,,,,,,,,,,,,,,,,,,,,,,,,,,,,,,,,,,,,,,,,,,,,,,,,,,,,,,,,,,,,,,,,,,,,,
 NVIDIA GeForce GTX 950,0.39%,0.45%,0.44%,0.46%,0.48%,0.50%,0.53%,0.55%,0.55%,0.56%,0.63%,0.72%,0.98%,0.87%,0.76%,0.89%,0.87%,0.93%,1.00%,1.02%,1.03%,1.07%,1.15%,1.10%,1.37%,1.22%,1.46%,1.59%,1.45%,1.77%,1.68%,1.68%,1.88%,4.33%,5.54%,5.97%,5.67%,6.03%,5.29%,,2.23%,1.17%,1.19%,1.11%,1.05%,0.96%,0.84%,0.72%,0.64%,0.54%,0.49%,0.43%,0.31%,,,,,,,,,,,,,,,,,,,,,,,,,,,,,,,,,,,,,,,,,,,,,,,,,,,,,,,,,,,,,,,,,,
 AMD Radeon R7 Graphics,0.39%,0.44%,0.43%,0.43%,0.46%,0.50%,0.54%,0.46%,0.44%,0.51%,0.69%,0.63%,0.74%,0.77%,0.80%,0.81%,0.87%,0.81%,0.91%,0.90%,0.98%,0.87%,0.86%,1.15%,0.96%,1.06%,0.87%,0.91%,0.95%,0.88%,0.92%,0.96%,0.96%,0.58%,0.53%,0.49%,0.47%,0.44%,0.56%,,0.89%,0.77%,0.75%,0.71%,0.66%,0.65%,0.61%,0.55%,0.54%,0.47%,0.44%,0.43%,0.40%,0.29%,0.29%,0.25%,0.25%,0.17%,0.17%,0.16%,,,,,,,,,,,,,,,,,,,,,,,,,,,,,,,,,,,,,,,,,,,,,,,,,,,,,,,,,,,
 AMD Radeon RX 480,0.38%,0.43%,0.45%,0.49%,0.47%,0.49%,0.49%,0.51%,0.53%,0.52%,0.51%,0.56%,0.54%,0.53%,0.56%,0.58%,0.58%,0.57%,0.59%,0.58%,0.58%,0.61%,0.58%,0.60%,0.61%,0.64%,0.60%,0.62%,0.66%,0.59%,0.64%,0.65%,0.63%,0.42%,0.29%,0.26%,0.30%,0.29%,0.37%,,0.81%,0.50%,0.37%,0.28%,0.21%,,,,,,,,,,,,,,,,,,,,,,,,,,,,,,,,,,,,,,,,,,,,,,,,,,,,,,,,,,,,,,,,,,,,,,,,,,
 AMD Radeon R5 Graphics,0.37%,0.42%,0.44%,0.45%,0.48%,0.48%,0.53%,0.55%,0.52%,0.53%,0.54%,0.52%,0.60%,0.61%,0.64%,0.63%,0.66%,0.67%,0.64%,0.73%,0.77%,0.75%,0.73%,0.78%,0.81%,0.78%,0.67%,0.71%,0.72%,0.68%,0.73%,0.75%,0.68%,0.46%,0.39%,0.35%,0.38%,0.37%,0.45%,,0.69%,0.77%,0.70%,0.72%,0.70%,0.69%,0.65%,0.36%,,,,,,,,,,,,,,,,,,,,,,,,,,,,,,,,,,,,,,,,,,,,,,,,,,,,,,,,,,,,,,,,,,,,,,,
 NVIDIA GeForce MX250,0.36%,0.42%,0.41%,0.41%,0.41%,0.36%,0.36%,0.34%,0.34%,0.34%,0.29%,0.19%,,,,,,,,,,,,,,,,,,,,,,,,,,,,,,,,,,,,,,,,,,,,,,,,,,,,,,,,,,,,,,,,,,,,,,,,,,,,,,,,,,,,,,,,,,,,,,,,,,,,,,,,,,,
 Intel HD Graphics 4600,0.35%,0.41%,0.43%,0.42%,0.44%,0.44%,0.45%,0.48%,0.47%,0.44%,0.47%,0.45%,0.45%,0.46%,0.47%,0.48%,0.50%,0.50%,0.47%,0.52%,0.49%,0.54%,0.54%,0.55%,0.55%,0.55%,0.51%,0.55%,0.58%,0.52%,0.58%,0.58%,0.55%,0.38%,0.31%,0.29%,0.35%,0.37%,0.47%,,0.76%,0.99%,1.05%,1.10%,1.07%,0.97%,1.01%,1.05%,1.02%,1.03%,1.06%,1.07%,1.10%,1.18%,1.18%,1.24%,1.24%,1.28%,1.28%,1.26%,,,,1.07%,1.00%,0.95%,0.93%,0.88%,0.79%,0.67%,0.62%,0.55%,,,,,,,,,,,,,,,,,,,,,,,,,,,,,,,,,,,,,,,,,,,,,,,
 AMD Radeon RX 550,0.34%,0.37%,0.35%,0.34%,0.33%,0.31%,0.30%,0.30%,0.28%,0.29%,0.28%,0.27%,0.24%,0.24%,0.28%,0.31%,0.24%,0.22%,0.23%,0.22%,0.21%,0.20%,0.19%,0.19%,0.17%,0.18%,0.17%,0.19%,0.17%,,,,,,,,,,,,,,,,,,,,,,,,,,,,,,,,,,,,,,,,,,,,,,,,,,,,,,,,,,,,,,,,,,,,,,,,,,,,,,,,,,,,,,,,,,
 AMD Radeon RX 590 Series,0.34%,0.39%,0.38%,0.40%,0.41%,0.40%,0.41%,0.42%,0.41%,0.42%,0.41%,0.38%,0.28%,0.28%,0.23%,0.22%,,,,,,,,,,,,,,,,,,,,,,,,,,,,,,,,,,,,,,,,,,,,,,,,,,,,,,,,,,,,,,,,,,,,,,,,,,,,,,,,,,,,,,,,,,,,,,,,,,,,,,,
 AMD Radeon RX 560,0.34%,0.40%,0.40%,0.41%,0.41%,0.44%,0.43%,0.42%,0.41%,0.39%,0.39%,0.39%,0.37%,0.37%,0.41%,0.37%,0.35%,0.39%,0.38%,0.31%,0.33%,0.30%,0.28%,0.28%,0.27%,0.25%,0.30%,0.25%,0.23%,0.22%,0.21%,0.19%,0.19%,,,,,,,,,,,,,,,,,,,,,,,,,,,,,,,,,,,,,,,,,,,,,,,,,,,,,,,,,,,,,,,,,,,,,,,,,,,,,,,,,,,,,,
 NVIDIA GeForce GT 720M,0.33%,0.39%,0.38%,0.41%,0.44%,0.48%,0.51%,0.58%,0.59%,0.56%,0.57%,0.55%,0.53%,0.56%,0.57%,0.60%,0.65%,0.64%,0.62%,0.69%,0.69%,0.77%,0.77%,0.79%,0.81%,0.81%,0.74%,0.81%,0.87%,0.81%,0.91%,0.89%,0.92%,0.62%,0.50%,0.46%,0.52%,0.53%,0.68%,,1.27%,1.83%,1.90%,1.87%,1.93%,1.99%,1.98%,0.95%,,,,,,,,,,,,,,,,,,,,,,,,,,,,,,,,,,,,,,,,,,,,,,,,,,,,,,,,,,,,,,,,,,,,,,,
 Intel HD Graphics 5500,0.33%,0.40%,0.43%,0.44%,0.45%,0.45%,0.48%,0.53%,0.52%,0.48%,0.43%,0.42%,0.46%,0.45%,0.47%,0.49%,0.51%,0.51%,0.47%,0.53%,0.51%,0.55%,0.53%,0.58%,0.59%,0.58%,0.52%,0.57%,0.62%,0.56%,0.62%,0.63%,0.57%,0.39%,0.31%,0.30%,0.35%,0.37%,0.46%,,0.73%,0.97%,0.93%,0.96%,0.91%,0.87%,0.83%,0.80%,0.78%,0.74%,0.72%,0.65%,0.65%,0.50%,0.50%,0.41%,0.41%,,,,,,,,,,,,,,,,,,,,,,,,,,,,,,,,,,,,,,,,,,,,,,,,,,,,,,,,,,,,,,
 Intel HD Graphics 3000,0.31%,0.38%,0.39%,0.39%,0.41%,0.42%,0.44%,0.51%,0.50%,0.45%,0.49%,0.47%,0.50%,0.50%,0.52%,0.55%,0.57%,0.58%,0.53%,0.62%,0.59%,0.65%,0.64%,0.69%,0.72%,0.70%,0.63%,0.67%,0.74%,0.69%,0.76%,0.78%,0.73%,0.50%,0.41%,0.38%,0.44%,0.46%,0.58%,,1.02%,1.73%,1.83%,1.96%,1.95%,1.84%,1.88%,1.93%,1.94%,1.97%,1.99%,2.02%,2.14%,2.25%,2.25%,2.39%,2.39%,2.54%,2.54%,2.54%,,,,2.82%,3.06%,3.13%,3.17%,3.34%,3.48%,3.40%,3.35%,3.46%,3.50%,3.49%,3.60%,3.81%,3.86%,4.15%,3.87%,3.73%,3.84%,3.78%,3.82%,3.68%,3.81%,3.62%,3.62%,3.70%,3.70%,3.54%,3.55%,3.30%,3.22%,2.96%,2.75%,2.54%,2.30%,,,,,,,,,,,,,,,,,,,,,,
 NVIDIA GeForce GTX 980,0.31%,0.35%,0.37%,0.39%,0.38%,0.40%,0.41%,0.42%,0.42%,0.42%,0.43%,0.49%,0.46%,0.46%,0.48%,0.50%,0.52%,0.49%,0.55%,0.52%,0.52%,0.54%,0.54%,0.57%,0.57%,0.62%,0.57%,0.62%,0.65%,0.57%,0.63%,0.66%,0.63%,0.42%,0.28%,0.26%,0.30%,0.29%,0.37%,,0.78%,0.92%,0.95%,0.97%,0.99%,1.01%,1.02%,1.05%,1.04%,1.03%,1.04%,0.95%,0.92%,0.93%,0.93%,0.84%,0.84%,0.74%,0.74%,0.69%,,,,0.38%,0.19%,,,,,,,,,,,,,,,,,,,,,,,,,,,,,,,,,,,,,,,,,,,,,,,,,,,,,,
 Intel Ivy Bridge,0.30%,0.36%,0.38%,0.38%,0.39%,0.39%,0.41%,0.43%,0.43%,0.39%,0.45%,0.45%,0.44%,0.45%,0.48%,0.49%,0.52%,0.52%,0.48%,0.53%,0.53%,0.56%,0.57%,0.62%,0.62%,0.59%,0.55%,0.58%,0.63%,0.60%,0.68%,0.65%,0.64%,0.45%,0.39%,0.36%,0.41%,0.41%,0.51%,,0.89%,1.31%,1.34%,1.36%,1.41%,1.43%,1.45%,0.72%,,,,,,,,,,,,,,,,,,,,,,,,,,,,,,,,,,,,,,,,,,,,,,,,,,,,,,,,,,,,,,,,,,,,,,,
 AMD Radeon RX Vega 11 Graphics,0.30%,0.32%,0.30%,0.29%,0.27%,0.23%,0.22%,0.22%,0.21%,0.22%,0.21%,0.21%,0.18%,0.18%,0.16%,0.16%,,,,,,,,,,,,,,,,,,,,,,,,,,,,,,,,,,,,,,,,,,,,,,,,,,,,,,,,,,,,,,,,,,,,,,,,,,,,,,,,,,,,,,,,,,,,,,,,,,,,,,,
 AMD Radeon Vega 3 Graphics,0.30%,0.32%,0.31%,0.29%,0.27%,0.24%,0.24%,0.22%,0.18%,0.18%,0.17%,,,,0.15%,,,,,,,,,,,,,,,,,,,,,,,,,,,,,,,,,,,,,,,,,,,,,,,,,,,,,,,,,,,,,,,,,,,,,,,,,,,,,,,,,,,,,,,,,,,,,,,,,,,,,,,,
 NVIDIA GeForce GTX 980 Ti,0.29%,0.33%,0.35%,0.38%,0.37%,0.37%,0.39%,0.39%,0.39%,0.40%,0.40%,0.46%,0.43%,0.44%,0.45%,0.47%,0.49%,0.46%,0.51%,0.50%,0.48%,0.51%,0.51%,0.53%,0.52%,0.56%,0.53%,0.57%,0.61%,0.53%,0.60%,0.60%,0.58%,0.39%,0.26%,0.24%,0.26%,0.25%,0.34%,,0.76%,0.89%,0.92%,0.97%,0.95%,0.99%,0.99%,0.97%,0.99%,0.94%,0.89%,0.75%,0.66%,,,,,,,,,,,,,,,,,,,,,,,,,,,,,,,,,,,,,,,,,,,,,,,,,,,,,,,,,,,,,,,,,,
 NVIDIA GeForce GTX 750,0.29%,0.35%,0.37%,0.39%,0.39%,0.45%,0.43%,0.44%,0.45%,0.46%,0.59%,0.56%,0.52%,0.59%,0.66%,0.77%,0.66%,0.79%,0.67%,0.67%,0.74%,0.71%,0.77%,0.88%,0.82%,0.84%,0.95%,0.89%,0.91%,1.19%,0.98%,1.01%,1.09%,1.48%,1.89%,1.78%,1.83%,2.01%,1.94%,,1.36%,1.26%,1.26%,1.25%,1.27%,1.31%,1.32%,1.32%,1.44%,1.34%,1.33%,1.40%,1.31%,1.27%,1.27%,1.23%,1.23%,0.99%,0.99%,0.94%,,,,0.68%,0.42%,0.38%,0.31%,,,,,,,,,,,,,,,,,,,,,,,,,,,,,,,,,,,,,,,,,,,,,,,,,,,,
 NVIDIA GeForce GTX 760,0.29%,0.34%,0.35%,0.38%,0.38%,0.39%,0.42%,0.45%,0.47%,0.47%,0.54%,0.58%,0.57%,0.59%,0.60%,0.64%,0.66%,0.64%,0.66%,0.72%,0.73%,0.78%,0.82%,0.82%,0.86%,0.93%,0.89%,1.00%,1.05%,1.03%,1.09%,1.12%,1.19%,1.32%,1.40%,1.44%,1.47%,1.54%,1.51%,,1.59%,1.64%,1.74%,1.79%,1.87%,1.93%,1.97%,2.02%,2.08%,2.15%,2.20%,2.17%,2.21%,2.48%,2.48%,2.51%,2.51%,2.68%,2.68%,2.69%,,,,2.78%,2.66%,2.58%,2.54%,2.34%,2.27%,2.13%,2.10%,1.90%,1.75%,1.63%,1.36%,1.06%,0.87%,0.70%,,,,,,,,,,,,,,,,,,,,,,,,,,,,,,,,,,,,,,,,,
 NVIDIA GeForce GT 710,0.29%,0.35%,0.34%,0.35%,0.33%,0.33%,0.33%,0.33%,0.31%,0.30%,0.36%,0.33%,0.30%,0.31%,0.32%,0.33%,0.33%,0.33%,0.30%,0.32%,0.32%,0.33%,0.32%,0.32%,0.32%,0.30%,0.27%,0.28%,0.28%,0.26%,0.28%,0.27%,0.25%,0.17%,,,,,,,0.22%,,,,,,,,,,,,,,,,,,,,,,,,,,,,,,,,,,,,,,,,,,,,,,,,,,,,,,,,,,,,,,,,,,,,,,,,,,,,,,
 NVIDIA GeForce GTX 660,0.27%,0.31%,0.31%,0.32%,0.34%,0.35%,0.37%,0.38%,0.40%,0.40%,0.48%,0.48%,0.46%,0.50%,0.52%,0.53%,0.56%,0.53%,0.55%,0.60%,0.60%,0.62%,0.68%,0.67%,0.72%,0.77%,0.70%,0.78%,0.83%,0.78%,0.85%,0.91%,0.94%,0.95%,1.05%,1.04%,1.14%,1.20%,1.21%,,1.23%,1.28%,1.34%,1.35%,1.43%,1.44%,1.49%,1.49%,1.56%,1.65%,1.67%,1.68%,1.71%,1.89%,1.89%,1.93%,1.93%,2.08%,2.08%,2.16%,,,,2.32%,2.46%,2.53%,2.57%,2.50%,2.49%,2.53%,2.67%,2.55%,2.49%,2.51%,2.36%,2.29%,2.20%,2.13%,2.05%,1.93%,1.80%,1.61%,1.51%,1.31%,1.05%,0.92%,0.92%,,,,,,,,,,,,,,,,,,,,,,,,,,,,,,,,
 AMD Radeon RX 580 2048SP,0.27%,0.26%,0.25%,0.29%,0.32%,0.30%,0.31%,0.27%,0.30%,0.27%,0.29%,0.20%,,0.20%,,0.16%,,,,,,,,,,,,,,,,,,,,,,,,,,,,,,,,,,,,,,,,,,,,,,,,,,,,,,,,,,,,,,,,,,,,,,,,,,,,,,,,,,,,,,,,,,,,,,,,,,,,,,,
 NVIDIA GeForce GTX 650,0.26%,0.31%,0.31%,0.34%,0.36%,0.37%,0.38%,0.39%,0.40%,0.40%,0.51%,0.50%,0.45%,0.51%,0.54%,0.69%,0.59%,0.59%,0.56%,0.57%,0.61%,0.62%,0.66%,0.78%,0.63%,0.72%,0.68%,0.78%,0.77%,0.74%,0.76%,0.77%,0.78%,0.71%,0.80%,0.68%,0.73%,0.79%,0.92%,,1.18%,1.36%,1.35%,1.39%,1.44%,1.45%,1.51%,1.51%,1.55%,1.57%,1.59%,1.66%,1.63%,1.69%,1.69%,1.75%,1.75%,1.83%,1.83%,1.86%,,,,1.91%,1.99%,2.00%,2.05%,1.94%,1.92%,2.01%,1.98%,1.93%,1.84%,1.82%,1.68%,1.55%,1.45%,1.38%,1.32%,1.26%,1.14%,1.04%,0.96%,0.90%,0.70%,0.56%,0.56%,,,,,,,,,,,,,,,,,,,,,,,,,,,,,,,,
 AMD Radeon RX 470,0.26%,0.29%,0.31%,0.31%,0.31%,0.34%,0.32%,0.31%,0.31%,0.30%,0.31%,0.30%,0.26%,0.29%,0.31%,0.30%,0.29%,0.33%,0.38%,0.29%,0.29%,0.25%,0.25%,0.25%,0.24%,0.25%,0.24%,0.25%,0.24%,0.22%,0.25%,0.26%,0.24%,0.18%,,,0.15%,,0.16%,,0.33%,0.17%,,,,,,,,,,,,,,,,,,,,,,,,,,,,,,,,,,,,,,,,,,,,,,,,,,,,,,,,,,,,,,,,,,,,,,,,,,,,,
 Intel HD Graphics 630,0.26%,0.29%,0.32%,0.34%,0.36%,0.37%,0.39%,0.42%,0.41%,0.43%,0.43%,0.41%,0.40%,0.44%,0.43%,0.47%,0.47%,0.46%,0.43%,0.48%,0.47%,0.46%,0.47%,0.47%,0.46%,0.50%,0.43%,0.49%,0.49%,0.43%,0.44%,0.46%,0.41%,0.27%,0.20%,0.18%,0.18%,0.17%,0.19%,,0.18%,,,,,,,,,,,,,,,,,,,,,,,,,,,,,,,,,,,,,,,,,,,,,,,,,,,,,,,,,,,,,,,,,,,,,,,,,,,,,,
 AMD Radeon RX Vega,0.25%,0.28%,0.29%,0.31%,0.30%,0.31%,0.32%,0.32%,0.33%,0.32%,0.33%,0.35%,0.30%,0.32%,0.32%,0.32%,0.31%,0.28%,0.26%,0.25%,0.24%,0.22%,0.19%,0.16%,,,,,,,,,,,,,,,,,,,,,,,,,,,,,,,,,,,,,,,,,,,,,,,,,,,,,,,,,,,,,,,,,,,,,,,,,,,,,,,,,,,,,,,,,,,,,,,
 NVIDIA GeForce MX110,0.25%,0.28%,0.28%,0.27%,0.28%,0.26%,0.27%,0.28%,0.28%,0.24%,0.20%,0.19%,0.16%,0.15%,,,,,,,,,,,,,,,,,,,,,,,,,,,,,,,,,,,,,,,,,,,,,,,,,,,,,,,,,,,,,,,,,,,,,,,,,,,,,,,,,,,,,,,,,,,,,,,,,,,,,,,,,
 AMD Radeon RX 5600 XT,0.24%,0.23%,0.20%,0.19%,,,,,,,,,,,,,,,,,,,,,,,,,,,,,,,,,,,,,,,,,,,,,,,,,,,,,,,,,,,,,,,,,,,,,,,,,,,,,,,,,,,,,,,,,,,,,,,,,,,,,,,,,,,,,,,,,,,
 NVIDIA GeForce MX130,0.23%,0.27%,0.28%,0.27%,0.27%,0.27%,0.28%,0.30%,0.30%,0.26%,0.24%,0.23%,0.21%,0.20%,0.19%,0.19%,0.17%,0.16%,,,,,,,,,,,,,,,,,,,,,,,,,,,,,,,,,,,,,,,,,,,,,,,,,,,,,,,,,,,,,,,,,,,,,,,,,,,,,,,,,,,,,,,,,,,,,,,,,,,,,
 AMD Radeon RX 460,0.23%,0.26%,0.26%,0.27%,0.28%,0.29%,0.30%,0.31%,0.32%,0.32%,0.32%,0.34%,0.33%,0.33%,0.36%,0.35%,0.38%,0.37%,0.39%,0.36%,0.38%,0.35%,0.35%,0.39%,0.40%,0.38%,0.45%,0.40%,0.43%,0.42%,0.43%,0.42%,0.44%,0.36%,0.33%,0.33%,0.36%,0.34%,0.37%,,0.45%,0.18%,,,,,,,,,,,,,,,,,,,,,,,,,,,,,,,,,,,,,,,,,,,,,,,,,,,,,,,,,,,,,,,,,,,,,,,,,,,,,
 AMD Radeon RX 5700,0.22%,0.25%,0.25%,0.27%,0.25%,0.24%,0.24%,0.22%,0.21%,0.20%,0.17%,0.16%,,,,,,,,,,,,,,,,,,,,,,,,,,,,,,,,,,,,,,,,,,,,,,,,,,,,,,,,,,,,,,,,,,,,,,,,,,,,,,,,,,,,,,,,,,,,,,,,,,,,,,,,,,,
 NVIDIA GeForce 920M,0.22%,0.27%,0.28%,0.28%,0.30%,0.31%,0.35%,0.39%,0.40%,0.38%,0.36%,0.36%,0.36%,0.37%,0.38%,0.39%,0.42%,0.41%,0.39%,0.45%,0.44%,0.48%,0.47%,0.50%,0.52%,0.51%,0.45%,0.49%,0.53%,0.49%,0.53%,0.53%,0.52%,0.36%,0.27%,0.25%,0.28%,0.29%,0.37%,,0.63%,0.73%,0.70%,0.67%,0.65%,0.59%,0.54%,0.23%,,,,,,,,,,,,,,,,,,,,,,,,,,,,,,,,,,,,,,,,,,,,,,,,,,,,,,,,,,,,,,,,,,,,,,,
 AMD Radeon RX 5500 XT,0.21%,0.19%,0.17%,0.15%,,,,,,,,,,,,,,,,,,,,,,,,,,,,,,,,,,,,,,,,,,,,,,,,,,,,,,,,,,,,,,,,,,,,,,,,,,,,,,,,,,,,,,,,,,,,,,,,,,,,,,,,,,,,,,,,,,,
 NVIDIA GeForce 840M,0.20%,0.24%,0.25%,0.25%,0.27%,0.28%,0.31%,0.34%,0.35%,0.34%,0.32%,0.32%,0.31%,0.32%,0.34%,0.35%,0.38%,0.38%,0.37%,0.39%,0.40%,0.43%,0.43%,0.45%,0.47%,0.47%,0.43%,0.48%,0.52%,0.47%,0.52%,0.52%,0.53%,0.35%,0.27%,0.25%,0.28%,0.29%,0.36%,,0.70%,0.96%,1.03%,1.02%,1.04%,1.07%,1.05%,1.10%,1.10%,1.11%,1.13%,1.11%,1.12%,1.15%,1.15%,1.12%,1.12%,0.94%,0.94%,0.88%,,,,0.61%,0.39%,0.31%,0.24%,,,,,,,,,,,,,,,,,,,,,,,,,,,,,,,,,,,,,,,,,,,,,,,,,,,,
 NVIDIA GeForce 920MX,0.19%,0.22%,0.23%,0.23%,0.24%,0.25%,0.27%,0.31%,0.31%,0.29%,0.27%,0.26%,0.26%,0.26%,0.26%,0.28%,0.29%,0.28%,0.27%,0.29%,0.28%,0.31%,0.30%,0.31%,0.30%,0.30%,0.25%,0.26%,0.27%,0.24%,0.25%,0.24%,0.22%,0.15%,,,,,,,,,,,,,,,,,,,,,,,,,,,,,,,,,,,,,,,,,,,,,,,,,,,,,,,,,,,,,,,,,,,,,,,,,,,,,,,,,,,,,
 NVIDIA GeForce GTX 970M,0.19%,0.21%,0.23%,0.24%,0.25%,0.26%,0.27%,0.29%,0.30%,0.29%,0.31%,0.31%,0.30%,0.32%,0.31%,0.34%,0.36%,0.34%,0.35%,0.39%,0.38%,0.40%,0.42%,0.41%,0.44%,0.47%,0.42%,0.47%,0.49%,0.45%,0.50%,0.51%,0.50%,0.33%,0.24%,0.22%,0.25%,0.24%,0.30%,,0.61%,0.65%,0.69%,0.68%,0.68%,0.66%,0.59%,0.59%,0.56%,0.54%,0.52%,0.48%,0.44%,0.37%,0.37%,0.31%,0.31%,0.21%,0.21%,0.17%,,,,,,,,,,,,,,,,,,,,,,,,,,,,,,,,,,,,,,,,,,,,,,,,,,,,,,,,,,,
 Intel HD Graphics 530,0.19%,0.22%,0.23%,0.23%,0.25%,0.26%,0.26%,0.28%,0.28%,0.28%,0.28%,0.27%,0.26%,0.28%,0.29%,0.30%,0.30%,0.30%,0.29%,0.32%,0.31%,0.32%,0.31%,0.34%,0.32%,0.33%,0.32%,0.32%,0.34%,0.32%,0.36%,0.33%,0.32%,0.22%,0.19%,0.17%,0.20%,0.23%,0.29%,,0.42%,0.43%,0.35%,0.33%,0.30%,0.28%,0.25%,0.20%,,,,,,,,,,,,,,,,,,,,,,,,,,,,,,,,,,,,,,,,,,,,,,,,,,,,,,,,,,,,,,,,,,,,,,,
 AMD Radeon(TM) Graphics,0.19%,0.20%,0.16%,,,,,,,,,,,,,,,,,,,,,,,,,,,,,,,,,,,,,,,,,,,,,,,,,,,,,,,,,,,,,,,,,,,,,,,,,,,,,,,,,,,,,,,,,,,,,,,,,,,,,,,,,,,,,,,,,,,,
 NVIDIA GeForce RTX 2070 with Max-Q Design,0.18%,0.16%,,,,,,,,,,,,,,,,,,,,,,,,,,,,,,,,,,,,,,,,,,,,,,,,,,,,,,,,,,,,,,,,,,,,,,,,,,,,,,,,,,,,,,,,,,,,,,,,,,,,,,,,,,,,,,,,,,,,,
 AMD Radeon HD 7900 Series,0.17%,0.22%,0.20%,0.23%,0.22%,0.24%,0.25%,0.28%,0.28%,0.28%,0.30%,0.32%,0.32%,0.33%,0.34%,0.37%,0.38%,0.36%,0.39%,0.42%,0.43%,0.44%,0.45%,0.48%,0.49%,0.54%,0.52%,0.55%,0.57%,0.53%,0.59%,0.63%,0.63%,0.41%,0.31%,0.28%,0.33%,0.32%,0.41%,,0.88%,1.16%,1.24%,1.28%,1.31%,1.38%,1.40%,1.47%,1.49%,1.56%,1.59%,1.58%,1.61%,1.86%,1.86%,1.84%,1.84%,1.95%,1.95%,1.95%,,,,,,,,,,,,,,,,,,,,,,,,,,,,,,,,,,,,,,,,,,,,,,,,,,,,,,,,,,,
 AMD Radeon HD 7700 Series,0.17%,0.20%,0.20%,0.21%,0.22%,0.24%,0.24%,0.26%,0.27%,0.26%,0.32%,0.32%,0.31%,0.34%,0.37%,0.35%,0.38%,0.39%,0.39%,0.42%,0.43%,0.44%,0.47%,0.49%,0.51%,0.52%,0.49%,0.50%,0.52%,0.55%,0.66%,0.60%,0.61%,0.44%,0.39%,0.35%,0.39%,0.39%,0.49%,,0.87%,1.09%,1.13%,1.15%,1.17%,1.18%,1.24%,1.35%,1.37%,1.31%,1.33%,1.34%,1.38%,1.50%,1.50%,1.59%,1.59%,1.65%,1.65%,1.75%,,,,,0.16%,0.17%,0.16%,,,,,,,,,,,,,,,,,,,,,,,,,,,,,,,,,,,,,,,,,,,,,,,,,,,,
 Intel Cherryview Cherrytrail,0.17%,0.21%,0.23%,0.21%,0.23%,0.23%,0.25%,0.29%,0.27%,0.26%,0.23%,0.22%,0.26%,0.25%,0.27%,0.27%,0.30%,0.30%,0.26%,0.31%,0.30%,0.33%,0.32%,0.35%,0.37%,0.34%,0.31%,0.34%,0.37%,0.34%,0.38%,0.38%,0.36%,0.26%,0.23%,0.22%,0.24%,0.24%,0.28%,,0.39%,0.56%,0.45%,0.42%,0.38%,0.34%,0.30%,,,,,,,,,,,,,,,,,,,,,,,,,,,,,,,,,,,,,,,,,,,,,,,,,,,,,,,,,,,,,,,,,,,,,,,,
 Intel Sandy Bridge,0.17%,0.20%,0.21%,0.21%,0.21%,0.22%,0.22%,0.24%,0.22%,0.22%,0.25%,0.24%,0.27%,0.26%,0.26%,0.28%,0.30%,0.30%,0.30%,0.32%,0.30%,0.35%,0.33%,0.35%,0.37%,0.36%,0.32%,0.35%,0.37%,0.36%,0.38%,0.39%,0.37%,0.25%,0.23%,0.21%,0.24%,0.24%,0.30%,,0.51%,0.73%,0.75%,0.76%,0.78%,0.79%,0.80%,0.39%,,,,,,,,,,,,,,,,,,,,,,,,,,,,,,,,,,,,,,,,,,,,,,,,,,,,,,,,,,,,,,,,,,,,,,,
 Intel Valleyview Baytrail,0.17%,0.22%,0.23%,0.23%,0.24%,0.25%,0.27%,0.30%,0.30%,0.28%,0.27%,0.28%,0.30%,0.30%,0.33%,0.34%,0.36%,0.37%,0.35%,0.38%,0.36%,0.42%,0.42%,0.46%,0.49%,0.46%,0.43%,0.46%,0.52%,0.50%,0.55%,0.55%,0.52%,0.38%,0.34%,0.33%,0.38%,0.40%,0.49%,,0.81%,1.51%,1.55%,1.60%,1.59%,1.69%,1.65%,0.88%,,,,,,,,,,,,,,,,,,,,,,,,,,,,,,,,,,,,,,,,,,,,,,,,,,,,,,,,,,,,,,,,,,,,,,,
 NVIDIA GeForce GT 630,0.17%,0.21%,0.21%,0.22%,0.24%,0.25%,0.26%,0.27%,0.28%,0.28%,0.36%,0.36%,0.34%,0.36%,0.38%,0.45%,0.42%,0.45%,0.40%,0.43%,0.48%,0.48%,0.49%,0.54%,0.51%,0.51%,0.54%,0.53%,0.53%,0.55%,0.58%,0.59%,0.57%,0.42%,0.39%,0.33%,0.37%,0.39%,0.50%,,0.92%,1.22%,1.24%,1.26%,1.35%,1.33%,1.41%,1.39%,1.52%,1.50%,1.47%,1.58%,1.61%,1.53%,1.53%,1.64%,1.64%,1.67%,1.67%,1.85%,,,,1.82%,1.75%,1.80%,1.79%,1.72%,1.66%,1.65%,1.63%,1.63%,1.55%,1.73%,1.44%,1.30%,1.21%,1.17%,1.19%,1.05%,0.94%,0.81%,0.81%,0.71%,0.66%,0.57%,0.57%,,,,,,,,,,,,,,,,,,,,,,,,,,,,,,,,
 NVIDIA GeForce GTX 770,0.16%,0.20%,0.20%,0.20%,0.22%,0.22%,0.23%,0.25%,0.26%,0.25%,0.28%,0.31%,0.29%,0.31%,0.31%,0.34%,0.35%,0.34%,0.37%,0.38%,0.37%,0.42%,0.41%,0.43%,0.45%,0.49%,0.45%,0.50%,0.51%,0.48%,0.55%,0.56%,0.56%,0.37%,0.27%,0.25%,0.28%,0.28%,0.35%,,0.77%,0.95%,1.04%,1.05%,1.09%,1.13%,1.16%,1.24%,1.26%,1.27%,1.33%,1.30%,1.32%,1.56%,1.56%,1.54%,1.54%,1.71%,1.71%,1.74%,,,,1.89%,2.06%,2.06%,2.05%,1.95%,1.84%,1.77%,1.78%,1.60%,1.48%,1.36%,1.16%,0.94%,0.75%,0.62%,,,,,,,,,,,,,,,,,,,,,,,,,,,,,,,,,,,,,,,,,
 AMD Radeon R5 M330,0.16%,0.18%,0.19%,0.19%,0.21%,0.22%,0.22%,0.25%,0.26%,0.24%,0.21%,0.20%,0.19%,0.19%,0.20%,0.21%,0.24%,0.25%,0.23%,0.24%,0.25%,0.26%,0.28%,0.28%,0.28%,0.27%,0.25%,0.27%,0.29%,0.27%,0.30%,0.28%,0.28%,0.19%,0.15%,,,0.15%,0.19%,,0.30%,0.27%,0.25%,0.24%,0.22%,0.21%,0.18%,,,,,,,,,,,,,,,,,,,,,,,,,,,,,,,,,,,,,,,,,,,,,,,,,,,,,,,,,,,,,,,,,,,,,,,,
 NVIDIA GeForce GTX 550 Ti,0.15%,0.19%,0.18%,0.19%,0.20%,0.20%,0.21%,0.23%,0.23%,0.23%,0.28%,0.29%,0.27%,0.29%,0.29%,0.31%,0.35%,0.30%,0.30%,0.34%,0.35%,0.36%,0.38%,0.38%,0.38%,0.39%,0.35%,0.36%,0.40%,0.37%,0.41%,0.42%,0.41%,0.31%,0.26%,0.24%,0.26%,0.26%,0.34%,,0.62%,0.80%,0.81%,0.83%,0.87%,0.86%,0.88%,0.92%,0.93%,1.02%,0.97%,0.99%,1.01%,1.09%,1.09%,1.11%,1.11%,1.21%,1.21%,1.29%,,,,1.44%,1.54%,1.57%,1.59%,1.61%,1.67%,1.78%,1.86%,1.88%,1.90%,1.97%,2.03%,2.08%,2.17%,2.20%,2.30%,2.37%,2.40%,2.50%,2.42%,2.52%,2.40%,2.50%,2.50%,2.49%,2.49%,2.55%,2.49%,2.34%,2.16%,,,,,,,,,,,,,,,,,,,,,,,,,,
 AMD Radeon HD 8800 Series,0.15%,0.18%,0.19%,0.20%,0.20%,0.22%,0.23%,0.24%,0.24%,0.25%,0.26%,0.30%,0.27%,0.29%,0.31%,0.33%,0.33%,0.34%,0.35%,0.37%,0.36%,0.40%,0.41%,0.43%,0.48%,0.47%,0.46%,0.48%,0.50%,0.49%,0.52%,0.55%,0.54%,0.41%,0.36%,0.33%,0.37%,0.37%,0.44%,,0.82%,1.01%,1.10%,1.11%,1.13%,1.16%,1.22%,1.41%,1.52%,1.55%,1.56%,1.50%,1.51%,1.60%,1.60%,1.54%,1.54%,1.50%,1.50%,1.47%,,,,1.34%,1.20%,1.14%,1.09%,,,,,,,,,,,,,,,,,,,,,,,,,,,,,,,,,,,,,,,,,,,,,,,,,,,,
 AMD Radeon R7 300 Series,0.15%,0.17%,0.18%,0.19%,0.19%,0.21%,0.21%,0.24%,0.23%,0.25%,0.24%,0.27%,0.26%,0.27%,0.29%,0.29%,0.30%,0.31%,0.31%,0.34%,0.33%,0.34%,0.35%,0.39%,0.40%,0.38%,0.40%,0.40%,0.40%,0.41%,0.40%,0.42%,0.44%,0.43%,0.40%,0.36%,0.39%,0.39%,0.39%,,0.59%,0.55%,0.55%,0.55%,0.52%,0.49%,0.46%,0.19%,,,,,,,,,,,,,,,,,,,,,,,,,,,,,,,,,,,,,,,,,,,,,,,,,,,,,,,,,,,,,,,,,,,,,,,
 AMD Radeon R9 380 Series,0.15%,0.18%,0.20%,0.19%,0.19%,0.20%,0.21%,0.22%,0.23%,0.23%,0.24%,0.26%,0.24%,0.26%,0.25%,0.27%,0.28%,0.28%,0.29%,0.29%,0.29%,0.31%,0.31%,0.32%,0.35%,0.34%,0.32%,0.34%,0.36%,0.32%,0.36%,0.36%,0.36%,0.26%,0.19%,0.17%,0.20%,0.19%,0.23%,,0.49%,0.56%,0.56%,0.60%,0.58%,0.58%,0.54%,0.23%,,,,,,,,,,,,,,,,,,,,,,,,,,,,,,,,,,,,,,,,,,,,,,,,,,,,,,,,,,,,,,,,,,,,,,,
Other,9.37%,9.54%,9.76%,9.85%,9.95%,9.89%,9.54%,9.92%,9.96%,9.60%,9.72%,9.82%,10.24%,9.91%,10.30%,10.60%,11.29%,11.08%,10.90%,11.34%,11.04%,10.87%,11.02%,10.62%,10.92%,10.63%,10.53%,10.30%,10.53%,10.16%,10.93%,10.80%,10.31%,11.47%,11.20%,9.63%,10.45%,10.18%,11.01%,79.26%,11.79%,13.25%,13.94%,13.30%,13.12%,12.85%,12.89%,13.34%,12.66%,12.76%,12.37%,12.73%,13.24%,13.43%,13.43%,12.77%,12.77%,12.66%,12.66%,12.76%,95.31%,95.19%,95.34%,14.08%,14.07%,14.21%,13.77%,36.45%,36.35%,36.90%,36.50%,34.71%,37.04%,36.54%,35.95%,37.52%,35.28%,35.48%,33.50%,34.22%,34.00%,34.58%,34.21%,35.25%,34.86%,35.12%,35.12%,36.81%,36.81%,34.03%,34.05%,32.77%,32.86%,31.64%,30.36%,30.42%,30.01%,25.16%,24.79%,25.49%,25.70%,25.83%,25.78%,25.90%,26.48%,26.91%,28.66%,25.78%,25.78%,26.15%,26.15%,23.80%,25.33%,25.33%,24.25%,24.25%,27.27%,27.01%,25.38%
 NVIDIA GeForce GT 740M,,0.17%,0.17%,0.17%,0.18%,0.19%,0.21%,0.23%,0.24%,0.22%,0.21%,0.22%,0.21%,0.23%,0.23%,0.24%,0.25%,0.25%,0.25%,0.27%,0.27%,0.29%,0.30%,0.30%,0.30%,0.30%,0.29%,0.32%,0.33%,0.31%,0.35%,0.35%,0.35%,0.24%,0.18%,0.17%,0.19%,0.19%,0.25%,,0.49%,0.75%,0.76%,0.76%,0.78%,0.83%,0.86%,0.92%,0.87%,0.87%,0.89%,0.88%,0.91%,0.93%,0.93%,0.93%,0.93%,0.88%,0.88%,0.86%,,,,1.01%,1.01%,1.04%,1.05%,0.93%,0.92%,0.83%,0.79%,0.75%,0.66%,0.61%,0.55%,,,,,,,,,,,,,,,,,,,,,,,,,,,,,,,,,,,,,,,,,,,,
 AMD Radeon R4 Graphics,,0.17%,0.17%,0.17%,0.17%,0.18%,0.19%,0.21%,0.21%,0.19%,0.17%,0.17%,0.19%,0.18%,0.19%,0.19%,0.19%,0.19%,0.19%,0.20%,0.19%,0.21%,0.19%,0.21%,0.21%,0.20%,0.18%,0.19%,0.20%,0.18%,0.21%,0.20%,0.19%,,,,,,,,0.20%,0.26%,0.24%,0.24%,0.23%,0.23%,0.23%,0.45%,0.67%,0.66%,0.66%,0.61%,0.61%,0.54%,0.54%,0.51%,0.51%,0.40%,0.40%,0.37%,,,,0.26%,,,,,,,,,,,,,,,,,,,,,,,,,,,,,,,,,,,,,,,,,,,,,,,,,,,,,,,
 NVIDIA GeForce 940MX,,0.16%,0.17%,0.19%,0.18%,0.18%,0.20%,0.23%,0.23%,0.22%,0.21%,0.20%,0.21%,0.21%,0.21%,0.23%,0.23%,0.23%,0.22%,0.24%,0.24%,0.26%,0.26%,0.27%,0.28%,0.28%,0.25%,0.27%,0.28%,0.26%,0.28%,0.29%,0.27%,0.16%,,,,,,,0.23%,,,,,,,,,,,,,,,,,,,,,,,,,,,,,,,,,,,,,,,,,,,,,,,,,,,,,,,,,,,,,,,,,,,,,,,,,,,,,,
 NVIDIA GeForce GTX 860M,,0.16%,0.16%,0.18%,0.18%,0.20%,0.21%,0.23%,0.24%,0.23%,0.24%,0.24%,0.22%,0.25%,0.25%,0.26%,0.29%,0.28%,0.28%,0.31%,0.30%,0.33%,0.33%,0.35%,0.36%,0.39%,0.36%,0.40%,0.42%,0.38%,0.43%,0.44%,0.44%,0.29%,0.22%,0.20%,0.24%,0.23%,0.29%,,0.60%,0.73%,0.78%,0.78%,0.78%,0.82%,0.85%,1.53%,1.93%,1.87%,1.83%,1.72%,1.62%,1.54%,1.54%,1.28%,1.28%,1.02%,1.02%,0.93%,,,,0.65%,0.42%,0.34%,0.30%,,,,,,,,,,,,,,,,,,,,,,,,,,,,,,,,,,,,,,,,,,,,,,,,,,,,
 AMD Radeon Vega 8 Mobile Graphics,,0.16%,0.17%,0.18%,0.19%,0.18%,0.18%,0.19%,0.20%,0.19%,0.17%,,0.15%,0.15%,0.15%,,,,,,,,,,,,,,,,,,,,,,,,,,,,,,,,,,,,,,,,,,,,,,,,,,,,,,,,,,,,,,,,,,,,,,,,,,,,,,,,,,,,,,,,,,,,,,,,,,,,,,,,
 Intel Iris Plus Graphics,,0.15%,0.15%,,,,,,,,,,,,,,,,,,,,,,,,,,,,,,,,,,,,,,,,,,,,,,,,,,,,,,,,,,,,,,,,,,,,,,,,,,,,,,,,,,,,,,,,,,,,,,,,,,,,,,,,,,,,,,,,,,,,
 AMD Radeon HD 8500 Series,,0.15%,0.17%,0.15%,0.18%,0.19%,0.20%,0.20%,0.21%,0.21%,0.23%,0.24%,0.22%,0.27%,0.25%,0.27%,0.27%,0.30%,0.28%,0.30%,0.31%,0.33%,0.31%,0.36%,0.32%,0.36%,0.33%,0.33%,0.36%,0.36%,0.38%,0.37%,0.40%,0.27%,0.24%,0.21%,0.23%,0.22%,0.29%,,0.54%,0.63%,0.62%,0.65%,0.66%,0.64%,0.64%,0.63%,0.63%,0.60%,0.60%,0.64%,0.64%,0.58%,0.58%,0.54%,0.54%,0.47%,0.47%,0.46%,,,,,,,,,,,,,,,,,,,,,,,,,,,,,,,,,,,,,,,,,,,,,,,,,,,,,,,,,,,
 NVIDIA GeForce GTS 450,,,,,0.16%,0.16%,0.17%,0.18%,0.18%,0.16%,0.22%,0.24%,0.21%,0.23%,0.24%,0.23%,0.26%,0.25%,0.24%,0.26%,0.27%,0.29%,0.29%,0.30%,0.30%,0.30%,0.26%,0.27%,0.30%,0.30%,0.30%,0.31%,0.32%,0.23%,0.20%,0.17%,0.20%,0.19%,0.27%,,0.45%,0.60%,0.61%,0.64%,0.65%,0.66%,0.68%,0.69%,0.71%,0.73%,0.74%,0.79%,0.81%,0.81%,0.81%,0.82%,0.82%,0.90%,0.90%,0.90%,,,,0.96%,1.01%,1.07%,1.02%,1.05%,1.06%,1.26%,1.17%,1.20%,1.17%,1.21%,1.25%,1.29%,1.37%,1.44%,1.38%,1.44%,1.47%,1.52%,1.56%,1.57%,1.49%,1.55%,1.55%,1.59%,1.59%,1.73%,1.66%,1.65%,1.64%,1.73%,1.75%,1.73%,1.74%,1.02%,1.02%,0.89%,0.94%,0.90%,0.78%,0.79%,0.71%,0.74%,0.80%,0.59%,0.59%,,,,,,,,,,
 AMD Radeon HD 7800 Series,,,,,0.16%,0.17%,0.18%,0.19%,0.20%,0.21%,0.21%,0.23%,0.22%,0.24%,0.24%,0.25%,0.27%,0.26%,0.28%,0.30%,0.30%,0.32%,0.33%,0.34%,0.36%,0.38%,0.36%,0.38%,0.41%,0.39%,0.44%,0.45%,0.45%,0.37%,0.33%,0.31%,0.32%,0.34%,0.41%,,0.71%,0.84%,0.91%,0.92%,0.95%,0.99%,1.03%,1.07%,1.08%,1.13%,1.16%,1.17%,1.20%,1.35%,1.35%,1.40%,1.40%,1.53%,1.53%,1.57%,,,,,,,,,,,,,,,,,,,,,,,,,,,,,,,,,,,,,,,,,,,,,,,,,,,,,,,,,,,
 Intel HD Graphics 4400,,,,,0.15%,0.15%,0.16%,0.15%,0.15%,0.15%,0.19%,0.16%,0.16%,0.16%,0.18%,0.18%,0.21%,0.20%,0.18%,0.20%,0.20%,0.21%,0.20%,0.22%,0.22%,0.23%,0.22%,0.21%,0.25%,0.23%,0.25%,0.25%,0.24%,0.16%,,,0.15%,0.16%,0.19%,,0.31%,0.39%,0.39%,0.40%,0.42%,0.44%,0.48%,1.33%,2.15%,2.15%,2.17%,2.17%,2.24%,2.30%,2.30%,2.35%,2.35%,2.35%,2.35%,2.25%,,,,1.90%,1.52%,1.41%,1.30%,1.15%,0.99%,0.79%,0.63%,0.60%,,,,,,,,,,,,,,,,,,,,,,,,,,,,,,,,,,,,,,,,,,,,,,,
 AMD Radeon R9 390 Series,,,,,,0.15%,0.16%,0.17%,0.17%,0.17%,0.18%,0.21%,0.20%,0.20%,0.20%,0.21%,0.22%,0.22%,0.23%,0.24%,0.23%,0.24%,0.24%,0.25%,0.26%,0.27%,0.25%,0.27%,0.28%,0.26%,0.29%,0.30%,0.28%,0.19%,,,,,0.17%,,0.40%,0.49%,0.50%,0.54%,0.52%,0.53%,0.52%,0.22%,,,,,,,,,,,,,,,,,,,,,,,,,,,,,,,,,,,,,,,,,,,,,,,,,,,,,,,,,,,,,,,,,,,,,,,
 NVIDIA GeForce GTX 850M,,,,,,,0.16%,0.17%,0.19%,0.18%,0.18%,0.18%,0.17%,0.20%,0.19%,0.21%,0.22%,0.22%,0.22%,0.23%,0.25%,0.27%,0.27%,0.28%,0.28%,0.30%,0.27%,0.31%,0.32%,0.30%,0.33%,0.33%,0.35%,0.24%,0.17%,0.16%,0.19%,0.19%,0.24%,,0.46%,0.55%,0.57%,0.55%,0.56%,0.57%,0.57%,0.60%,0.60%,0.62%,0.62%,0.63%,0.61%,0.64%,0.64%,0.61%,0.61%,0.56%,0.56%,0.51%,,,,0.38%,0.27%,0.23%,0.18%,,,,,,,,,,,,,,,,,,,,,,,,,,,,,,,,,,,,,,,,,,,,,,,,,,,,
 Intel HD Graphics,,,,,,,0.15%,0.17%,0.16%,0.16%,,,0.15%,0.15%,0.15%,0.16%,0.17%,0.16%,,0.17%,0.16%,0.18%,0.17%,0.18%,0.17%,0.15%,,,,,,,,,,,,,,,,,,,,,,,,,,,,,,,,,,,,,,,,,,,,,,,,,,,,,,,,,1.86%,1.86%,2.01%,1.93%,1.93%,2.18%,2.18%,2.25%,2.28%,2.35%,2.52%,2.40%,2.41%,2.39%,2.17%,,,,,,,,,,,,,,,,,,,,,,
 AMD Radeon R9 200 Series,,,,,,,0.15%,0.17%,0.17%,0.16%,0.17%,0.20%,0.19%,0.19%,0.20%,0.22%,0.21%,0.21%,0.23%,0.22%,0.23%,0.24%,0.24%,0.26%,0.27%,0.29%,0.27%,0.29%,0.30%,0.28%,0.30%,0.32%,0.30%,0.20%,,,,,0.19%,,0.44%,0.57%,0.61%,0.62%,0.64%,0.67%,0.68%,1.33%,1.74%,1.63%,1.63%,1.47%,1.37%,1.22%,1.22%,1.03%,1.03%,0.85%,0.85%,0.82%,,,,0.66%,0.55%,0.52%,0.51%,,,,,,,,,,,,,,,,,,,,,,,,,,,,,,,,,,,,,,,,,,,,,,,,,,,,
 NVIDIA GeForce GTX 650 Ti,,,,,,,0.15%,0.15%,0.16%,0.16%,0.20%,0.21%,0.18%,0.21%,0.20%,0.22%,0.22%,0.23%,0.21%,0.23%,0.24%,0.26%,0.28%,0.27%,0.26%,0.28%,0.26%,0.29%,0.29%,0.30%,0.31%,0.30%,0.33%,0.32%,0.36%,0.33%,0.35%,0.42%,0.47%,,0.51%,0.52%,0.53%,0.55%,0.55%,0.58%,0.57%,0.60%,0.61%,0.64%,0.65%,0.65%,0.66%,0.71%,0.71%,0.71%,0.71%,0.77%,0.77%,0.80%,,,,0.86%,0.93%,0.95%,0.95%,0.93%,0.98%,0.99%,1.02%,1.00%,0.99%,0.98%,0.97%,0.91%,0.84%,0.83%,0.76%,0.73%,0.66%,0.61%,0.57%,,,,,,,,,,,,,,,,,,,,,,,,,,,,,,,,,,,,
 AMD Radeon R7 M445,,,,,,,0.15%,0.16%,0.15%,,,,,,,,,,,,,,,,,,,,,,,,,,,,,,,,,,,,,,,,,,,,,,,,,,,,,,,,,,,,,,,,,,,,,,,,,,,,,,,,,,,,,,,,,,,,,,,,,,,,,,,,,,,,,,
 NVIDIA GeForce GTX 965M,,,,,,,,,0.16%,0.16%,0.16%,0.15%,,0.16%,0.16%,0.18%,0.19%,0.18%,0.18%,0.20%,0.21%,0.21%,0.22%,0.21%,0.21%,0.24%,0.22%,0.26%,0.27%,0.24%,0.27%,0.26%,0.27%,0.19%,,,,,0.17%,,0.30%,0.26%,0.25%,0.23%,0.22%,0.21%,0.17%,,,,,,,,,,,,,,,,,,,,,,,,,,,,,,,,,,,,,,,,,,,,,,,,,,,,,,,,,,,,,,,,,,,,,,,,
 AMD Radeon HD 8470D,,,,,,,,,,,0.18%,0.18%,0.22%,0.25%,0.31%,0.26%,0.27%,0.28%,0.33%,0.39%,0.49%,0.42%,0.43%,0.46%,0.53%,0.52%,0.51%,0.47%,0.47%,0.47%,0.53%,0.56%,0.50%,0.32%,0.35%,0.31%,0.32%,0.28%,0.39%,,0.51%,0.58%,0.51%,0.47%,0.56%,0.50%,0.49%,0.45%,0.49%,0.46%,0.41%,0.51%,0.41%,0.29%,0.29%,0.32%,0.32%,0.37%,0.37%,0.25%,,,,0.22%,,,,,,,,,,,,,,,,,,,,,,,,,,,,,,,,,,,,,,,,,,,,,,,,,,,,,,,
 NVIDIA GeForce GT 740,,,,,,,,,,,0.18%,0.17%,,0.17%,0.19%,0.18%,0.19%,0.24%,0.19%,0.21%,0.21%,0.22%,0.23%,0.23%,0.22%,0.23%,0.24%,0.24%,0.30%,0.29%,0.27%,0.26%,0.28%,0.21%,0.22%,0.18%,0.20%,0.23%,0.26%,,0.38%,0.44%,0.42%,0.44%,0.49%,0.46%,0.50%,0.45%,0.49%,0.44%,0.45%,0.48%,0.43%,0.33%,0.33%,0.32%,0.32%,0.24%,0.24%,0.23%,,,,,,,,,,,,,,,,,,,,,,,,,,,,,,,,,,,,,,,,,,,,,,,,,,,,,,,,,,,
 NVIDIA GeForce GT 640,,,,,,,,,,,0.17%,0.17%,0.16%,0.17%,0.17%,0.18%,0.19%,0.18%,0.18%,0.19%,0.20%,0.22%,0.22%,0.22%,0.22%,0.23%,0.20%,0.23%,0.23%,0.21%,0.23%,0.24%,0.25%,0.17%,,,,,0.17%,,0.35%,0.47%,0.47%,0.50%,0.50%,0.52%,0.54%,0.55%,0.57%,0.59%,0.57%,0.59%,0.61%,0.66%,0.66%,0.69%,0.69%,0.71%,0.71%,0.75%,,,,0.77%,0.82%,0.85%,0.82%,0.84%,0.82%,0.83%,0.85%,0.86%,0.81%,0.77%,0.75%,0.72%,0.69%,0.68%,0.65%,0.61%,0.55%,0.53%,,,,,,,,,,,,,,,,,,,,,,,,,,,,,,,,,,,,,
 NVIDIA GeForce GT 610,,,,,,,,,,,0.17%,,,0.15%,0.16%,0.17%,0.19%,0.18%,0.18%,0.19%,0.20%,0.22%,0.22%,0.23%,0.23%,0.23%,0.20%,0.23%,0.26%,0.25%,0.28%,0.26%,0.30%,0.19%,0.17%,0.15%,0.17%,0.18%,0.22%,,0.38%,0.53%,0.55%,0.56%,0.59%,0.61%,0.62%,0.61%,0.60%,0.61%,0.60%,0.60%,0.62%,0.58%,0.58%,0.61%,0.61%,0.59%,0.59%,0.59%,,,,0.57%,0.55%,0.57%,0.54%,0.56%,0.53%,,,0.54%,,,,,,,,,,,,,,,,,,,,,,,,,,,,,,,,,,,,,,,,,,,,,,,
 NVIDIA GeForce 210,,,,,,,,,,,0.16%,0.18%,0.19%,0.18%,0.19%,0.22%,0.22%,0.23%,0.24%,0.26%,0.26%,0.27%,0.28%,0.32%,0.35%,0.34%,0.32%,0.35%,0.37%,0.35%,0.38%,0.40%,0.39%,0.28%,0.26%,0.22%,0.25%,0.25%,0.35%,,0.61%,0.88%,0.89%,0.96%,0.98%,0.99%,1.02%,1.02%,1.07%,1.06%,1.03%,1.19%,1.08%,1.04%,1.04%,1.08%,1.08%,1.16%,1.16%,1.16%,,,,1.12%,1.09%,1.08%,1.14%,1.15%,1.07%,1.06%,1.03%,1.04%,1.07%,0.98%,1.02%,0.96%,0.96%,0.97%,0.95%,0.91%,0.87%,0.80%,0.86%,0.83%,0.79%,0.81%,0.81%,0.77%,0.77%,0.79%,0.70%,0.74%,0.74%,0.72%,0.70%,0.68%,0.62%,,,,,,,,,,,,,,,,,,,,,,
 Intel HD Graphics 2000,,,,,,,,,,,0.16%,0.16%,0.17%,0.17%,0.19%,0.19%,0.20%,0.21%,0.19%,0.22%,0.21%,0.24%,0.25%,0.27%,0.28%,0.26%,0.24%,0.26%,0.29%,0.28%,0.30%,0.31%,0.31%,0.21%,0.18%,0.17%,0.20%,0.21%,0.25%,,0.44%,0.83%,0.87%,0.91%,0.92%,0.94%,1.02%,1.40%,1.79%,1.82%,1.80%,1.88%,1.94%,2.01%,2.01%,2.10%,2.10%,2.16%,2.16%,2.23%,,,,2.28%,2.40%,2.45%,2.47%,2.57%,2.53%,2.41%,2.34%,2.37%,2.39%,2.30%,2.28%,2.34%,2.23%,2.24%,2.27%,2.16%,2.16%,2.10%,2.11%,1.96%,1.97%,1.89%,1.89%,1.70%,1.70%,1.41%,1.36%,1.28%,1.19%,1.05%,0.90%,0.80%,0.72%,,,,,,,,,,,,,,,,,,,,,,
 NVIDIA GeForce GTX 980M,,,,,,,,,,,,,,,,0.16%,0.17%,0.16%,0.17%,0.18%,0.19%,0.20%,0.19%,0.20%,0.21%,0.21%,0.20%,0.22%,0.22%,0.20%,0.22%,0.23%,0.23%,0.15%,,,,,,,0.30%,0.31%,0.33%,0.32%,0.31%,0.33%,0.31%,0.31%,0.29%,0.28%,0.27%,0.25%,0.23%,0.21%,0.21%,0.17%,0.17%,,,,,,,,,,,,,,,,,,,,,,,,,,,,,,,,,,,,,,,,,,,,,,,,,,,,,,,,,,,,,,
 AMD Radeon HD 8370D,,,,,,,,,,,,,,,,0.16%,,,0.17%,0.21%,0.23%,0.21%,0.22%,0.28%,0.25%,0.26%,0.23%,0.24%,0.25%,0.23%,0.25%,0.28%,0.26%,0.18%,0.19%,0.16%,0.17%,0.16%,0.24%,,0.32%,0.33%,0.29%,0.33%,0.31%,0.28%,0.27%,0.27%,0.30%,0.25%,0.22%,0.26%,0.21%,0.17%,0.17%,0.16%,0.16%,,,,,,,,,,,,,,,,,,,,,,,,,,,,,,,,,,,,,,,,,,,,,,,,,,,,,,,,,,,,,,
Radeon RX 590 Series,,,,,,,,,,,,,,,,,0.19%,,,,,,,,,,,,,,,,,,,,,,,,,,,,,,,,,,,,,,,,,,,,,,,,,,,,,,,,,,,,,,,,,,,,,,,,,,,,,,,,,,,,,,,,,,,,,,,,,,,,,,
 ATI Radeon HD 5450,,,,,,,,,,,,,,,,,0.15%,0.15%,0.15%,0.16%,0.16%,0.18%,0.19%,0.20%,0.21%,0.19%,0.18%,0.20%,0.22%,0.21%,0.25%,0.26%,0.23%,0.16%,,,,,0.18%,,0.34%,0.50%,0.52%,0.52%,0.54%,0.57%,0.58%,0.61%,0.61%,0.63%,0.60%,0.62%,0.61%,0.61%,0.61%,0.66%,0.66%,0.69%,0.69%,0.70%,,,,,,,,,,,,0.74%,0.75%,0.72%,0.74%,0.73%,0.74%,0.73%,0.77%,0.77%,0.76%,0.75%,0.77%,0.76%,0.77%,0.75%,0.75%,0.80%,0.80%,0.85%,0.82%,0.86%,0.88%,0.85%,0.88%,0.92%,0.84%,,,,,,,,,,,,,,,,,,,,,,
 AMD Radeon HD 8600 Series,,,,,,,,,,,,,,,,,,,,0.18%,,,,,,,,,,0.18%,0.16%,,0.17%,,,,,,,,0.23%,0.31%,0.31%,0.33%,0.34%,0.33%,0.35%,0.38%,0.38%,0.34%,0.34%,0.32%,0.38%,0.31%,0.31%,0.33%,0.33%,0.28%,0.28%,0.32%,,,,,,,,,,,,,,,,,,,,,,,,,,,,,,,,,,,,,,,,,,,,,,,,,,,,,,,,,,,
 NVIDIA GeForce GT 430,,,,,,,,,,,,,,,,,,,,0.15%,0.15%,0.17%,0.17%,0.17%,0.20%,0.19%,0.16%,0.17%,0.20%,0.20%,0.21%,0.20%,0.20%,,,,,,0.17%,,0.30%,0.44%,0.44%,0.45%,0.48%,0.49%,0.52%,0.51%,0.54%,0.54%,0.53%,0.58%,0.59%,0.56%,0.56%,0.61%,0.61%,0.64%,0.64%,0.70%,,,,0.72%,0.74%,0.73%,0.77%,0.77%,0.80%,0.81%,0.80%,0.88%,0.88%,0.91%,0.86%,0.85%,0.87%,0.91%,0.98%,0.94%,0.93%,0.92%,0.93%,0.97%,1.02%,0.95%,0.95%,0.97%,0.97%,1.03%,1.04%,1.01%,1.00%,1.00%,0.98%,0.94%,0.91%,,,,,,,,,,,,,,,,,,,,,,
 ATI Radeon HD 5700 Series,,,,,,,,,,,,,,,,,,,,,0.15%,0.15%,0.16%,0.17%,0.17%,0.17%,0.16%,0.17%,0.18%,0.17%,0.19%,0.19%,0.20%,,,,,,,,0.28%,0.40%,0.43%,0.44%,0.45%,0.48%,0.47%,0.51%,0.51%,0.53%,0.53%,0.54%,0.59%,0.65%,0.65%,0.69%,0.69%,0.77%,0.77%,0.82%,,,,,,,,,,,,,,,,,,,,,,,,,,,,,,,,,,,,,,,,,,,,,,,,,,,,4.59%,4.41%,4.41%,4.15%,4.15%,3.14%,2.85%,2.47%
 AMD Radeon HD 6570,,,,,,,,,,,,,,,,,,,,,0.15%,0.15%,0.15%,0.17%,0.17%,0.17%,0.17%,0.17%,0.18%,0.17%,0.18%,0.18%,0.18%,,,,,,,,0.27%,0.33%,0.32%,0.33%,0.35%,0.35%,0.35%,0.36%,0.38%,0.39%,0.39%,0.43%,0.43%,0.39%,0.39%,0.46%,0.46%,0.45%,0.45%,0.49%,,,,0.48%,0.49%,0.48%,0.49%,,,,,,,,,,,,,,,,,,,,,,,,,,,,,,,,,,,,,,,,,,,,,,,,,,,,
 Intel Ironlake Arrandale,,,,,,,,,,,,,,,,,,,,,,0.17%,0.17%,0.18%,0.20%,0.19%,0.17%,0.17%,0.20%,0.19%,0.21%,0.21%,0.20%,,,,,0.15%,0.18%,,0.30%,0.59%,0.62%,0.62%,0.63%,0.65%,0.70%,0.72%,,,,,,,,,,,,,,,,,,,,,,,,,,,,,,,,,,,,,,,,,,,,,,,,,,,,,,,,,,,,,,,,,,,,,,,
 NVIDIA GeForce 9500 GT,,,,,,,,,,,,,,,,,,,,,,0.16%,0.16%,0.17%,0.17%,0.16%,0.16%,0.17%,0.17%,0.18%,0.19%,0.20%,0.20%,,,,,,0.16%,,0.31%,0.46%,0.48%,0.50%,0.51%,0.52%,0.55%,0.57%,,,,,,,,,,,,,,,,,,,,,,,,,,,,,,,,,,,,,,,,,,,,,,,,,,,,,,,,,,,,,,,,,,,,,,,
 AMD Radeon R7 200 Series,,,,,,,,,,,,,,,,,,,,,,0.16%,0.17%,0.17%,0.19%,0.18%,0.16%,0.18%,0.19%,0.18%,0.20%,0.21%,0.20%,0.16%,,,,,0.16%,,0.30%,0.36%,0.38%,0.39%,0.41%,0.41%,0.41%,0.43%,0.43%,0.47%,0.46%,0.45%,0.47%,0.48%,0.48%,0.49%,0.49%,0.48%,0.48%,0.45%,,,,0.62%,0.51%,0.47%,0.42%,,,,,,,,,,,,,,,,,,,,,,,,,,,,,,,,,,,,,,,,,,,,,,,,,,,,
 AMD Radeon HD 6670,,,,,,,,,,,,,,,,,,,,,,0.15%,0.16%,0.18%,0.17%,0.17%,0.16%,0.17%,0.18%,0.17%,0.18%,0.19%,0.19%,,,,,,,,0.27%,0.38%,0.38%,0.41%,0.42%,0.43%,0.44%,0.44%,0.49%,0.47%,0.48%,0.51%,0.52%,0.55%,0.55%,0.59%,0.59%,0.63%,0.63%,0.76%,,,,0.72%,0.75%,0.79%,0.80%,,,,,,,,,,,,,,,,,,,,,,,,,,,,,,,,,,,,,,,,,,,,,,,,,,,,
 NVIDIA GeForce GT 440,,,,,,,,,,,,,,,,,,,,,,0.15%,,0.16%,0.15%,0.16%,,,0.16%,0.15%,0.16%,0.17%,0.17%,,,,,,,,0.24%,0.35%,0.36%,0.37%,0.38%,0.38%,0.40%,0.42%,0.43%,0.42%,0.44%,0.43%,0.47%,0.46%,0.46%,0.50%,0.50%,0.53%,0.53%,0.55%,,,,0.54%,0.58%,0.59%,0.59%,0.61%,0.60%,0.64%,0.65%,0.68%,0.65%,0.67%,0.68%,0.67%,0.70%,0.73%,0.73%,0.72%,0.71%,0.76%,0.76%,0.75%,0.73%,0.77%,0.77%,0.75%,0.75%,0.76%,0.82%,0.74%,0.71%,0.74%,0.72%,0.64%,0.64%,,,,,,,,,,,,,,,,,,,,,,
 NVIDIA GeForce 9600 GT,,,,,,,,,,,,,,,,,,,,,,0.15%,0.15%,0.18%,0.17%,0.18%,0.15%,0.17%,0.18%,0.17%,0.19%,0.19%,0.20%,,,,,,0.15%,,0.30%,0.44%,0.45%,0.48%,0.49%,0.48%,0.50%,0.52%,0.53%,,,,,,,,,,,,,,,,,,,,,,,,,,,,,,,,,,,,,,,,,,,,,,,,,,,,,,,,,,,,,,,,,,,,,,
 Intel HD Graphics 610,,,,,,,,,,,,,,,,,,,,,,,,0.17%,,,,,,,,,,,,,,,,,,,,,,,,,,,,,,,,,,,,,,,,,,,,,,,,,,,,,,,,,,,,,,,,,,,,,,,,,,,,,,,,,,,,,,,,,,,,,,,
 ATI Mobility Radeon HD 5000 Series,,,,,,,,,,,,,,,,,,,,,,,,0.16%,0.16%,0.15%,,0.15%,0.17%,0.17%,0.19%,0.19%,0.18%,,,,,,,,0.29%,0.49%,0.51%,0.53%,0.56%,0.57%,0.58%,0.61%,0.64%,0.65%,0.70%,0.70%,0.74%,0.75%,0.75%,0.81%,0.81%,0.92%,0.92%,0.95%,,,,,,,,,,,,,,,,,,,,,,,,,,,,,,,,,,,,,,,,,,,,,,,,,,,,,,,,,,,
 NVIDIA GeForce GTX 780,,,,,,,,,,,,,,,,,,,,,,,,0.15%,0.16%,0.18%,0.16%,0.18%,0.19%,0.17%,0.20%,0.20%,0.21%,,,,,,,,0.29%,0.38%,0.42%,0.43%,0.44%,0.47%,0.49%,0.52%,0.53%,0.55%,0.57%,0.56%,0.57%,0.67%,0.67%,0.67%,0.67%,0.74%,0.74%,0.76%,,,,0.84%,0.91%,0.93%,0.91%,0.88%,0.83%,0.81%,0.82%,0.73%,0.68%,0.67%,0.57%,,,,,,,,,,,,,,,,,,,,,,,,,,,,,,,,,,,,,,,,,,,,
 NVIDIA GeForce GTX 745,,,,,,,,,,,,,,,,,,,,,,,,0.15%,0.16%,0.16%,,0.16%,0.17%,0.16%,0.17%,0.18%,0.16%,,,,,,,,0.22%,0.28%,0.28%,0.29%,0.29%,0.29%,0.29%,0.30%,0.29%,0.29%,0.30%,0.28%,0.27%,0.25%,0.25%,0.24%,0.24%,0.19%,0.19%,0.19%,,,,,,,,,,,,,,,,,,,,,,,,,,,,,,,,,,,,,,,,,,,,,,,,,,,,,,,,,,,
 NVIDIA GeForce GTX 670,,,,,,,,,,,,,,,,,,,,,,,,,0.15%,0.17%,,0.17%,0.18%,0.16%,0.18%,0.19%,0.19%,,,,,,,,0.26%,0.36%,0.38%,0.41%,0.40%,0.44%,0.46%,0.48%,0.49%,0.51%,0.52%,0.50%,0.53%,0.63%,0.63%,0.64%,0.64%,0.72%,0.72%,0.74%,,,,0.85%,0.96%,1.01%,1.02%,1.07%,1.06%,1.14%,1.25%,1.20%,1.26%,1.31%,1.31%,1.34%,1.46%,1.53%,1.45%,1.53%,1.52%,1.49%,1.46%,1.43%,1.33%,1.31%,1.31%,1.07%,1.07%,0.96%,0.83%,0.67%,,,,,,,,,,,,,,,,,,,,,,,,,,,
 NVIDIA GeForce GTX 660 Ti,,,,,,,,,,,,,,,,,,,,,,,,,,0.16%,0.15%,0.16%,0.17%,0.17%,0.18%,0.18%,0.17%,,,,,,,,0.25%,0.33%,0.35%,0.37%,0.38%,0.40%,0.42%,0.43%,0.44%,0.45%,0.48%,0.46%,0.48%,0.58%,0.58%,0.57%,0.57%,0.66%,0.66%,0.67%,,,,0.77%,0.89%,0.91%,0.93%,0.94%,0.98%,1.03%,1.14%,1.10%,1.15%,1.16%,1.21%,1.23%,1.31%,1.36%,1.34%,1.33%,1.27%,1.23%,1.18%,1.13%,1.02%,0.92%,0.92%,0.62%,0.62%,,,,,,,,,,,,,,,,,,,,,,,,,,,,,,
 NVIDIA GeForce GT 750M,,,,,,,,,,,,,,,,,,,,,,,,,,0.16%,,0.16%,0.17%,0.15%,0.18%,0.17%,0.17%,,,,,,,,0.26%,0.37%,0.39%,0.38%,0.39%,0.43%,0.43%,0.46%,0.46%,0.47%,0.48%,0.51%,0.49%,0.54%,0.54%,0.53%,0.53%,0.54%,0.54%,0.54%,,,,0.63%,0.64%,0.64%,0.66%,0.64%,0.62%,0.58%,0.54%,0.53%,,,,,,,,,,,,,,,,,,,,,,,,,,,,,,,,,,,,,,,,,,,,,,,
 NVIDIA GeForce GT 630M,,,,,,,,,,,,,,,,,,,,,,,,,,0.15%,,0.15%,0.16%,0.16%,0.17%,0.17%,0.18%,,,,,,,,0.25%,0.40%,0.41%,0.40%,0.44%,0.48%,0.48%,0.51%,0.52%,0.52%,0.54%,0.55%,0.58%,0.60%,0.60%,0.61%,0.61%,0.64%,0.64%,0.64%,,,,0.73%,0.75%,0.80%,0.81%,0.82%,0.84%,0.87%,0.89%,0.92%,0.91%,0.92%,0.93%,0.94%,0.91%,0.87%,0.94%,0.96%,0.95%,0.99%,1.07%,1.05%,1.02%,0.97%,0.97%,0.89%,0.89%,0.73%,0.62%,,,,,,,,,,,,,,,,,,,,,,,,,,,,
 AMD Radeon HD 6800 Series,,,,,,,,,,,,,,,,,,,,,,,,,,,0.15%,0.15%,0.16%,0.15%,0.16%,0.18%,0.18%,,,,,,,,0.29%,0.39%,0.42%,0.44%,0.44%,0.47%,0.50%,0.52%,0.52%,0.55%,0.56%,0.58%,0.62%,0.72%,0.72%,0.77%,0.77%,0.89%,0.89%,0.91%,,,,,,,,,,,,,,,,,,,,,,,,,,,,,,,,,,,,,,,,,,,,,,,,,,,,,,,,,,,
 NVIDIA GeForce 930M,,,,,,,,,,,,,,,,,,,,,,,,,,,,,0.15%,,,,0.15%,,,,,,,,0.18%,0.21%,0.21%,0.20%,0.19%,0.18%,,,,,,,,,,,,,,,,,,,,,,,,,,,,,,,,,,,,,,,,,,,,,,,,,,,,,,,,,,,,,,,,,,,,,,,,,
 NVIDIA GeForce GTX 560 Ti,,,,,,,,,,,,,,,,,,,,,,,,,,,,,,,0.16%,0.16%,0.16%,,,,,,,,0.23%,0.38%,0.41%,0.44%,0.44%,0.47%,0.50%,0.51%,0.55%,0.57%,0.58%,0.60%,0.61%,0.73%,0.73%,0.76%,0.76%,0.89%,0.89%,0.94%,,,,1.12%,1.30%,1.35%,1.39%,1.45%,1.53%,1.65%,1.71%,1.73%,1.85%,1.94%,1.93%,2.07%,2.32%,2.37%,2.41%,2.60%,2.69%,2.91%,2.68%,2.85%,2.87%,3.02%,3.02%,2.99%,2.99%,3.21%,3.28%,3.24%,3.12%,,,,,,,,,,,,,,,,,,,,,,,,,,
 AMD Radeon HD 7480D,,,,,,,,,,,,,,,,,,,,,,,,,,,,,,,,0.17%,,,,,,,,,0.18%,0.28%,0.26%,0.29%,0.28%,0.29%,0.29%,0.26%,0.34%,0.31%,0.31%,0.36%,0.35%,0.27%,0.27%,0.31%,0.31%,0.33%,0.33%,0.31%,,,,0.30%,0.26%,0.27%,0.26%,,,,,,,,,,,,,,,,,,,,,,,,,,,,,,,,,,,,,,,,,,,,,,,,,,,,
 NVIDIA GeForce GT 220,,,,,,,,,,,,,,,,,,,,,,,,,,,,,,,,0.15%,0.15%,,,,,,,,0.24%,0.38%,0.38%,0.39%,0.42%,0.41%,0.43%,0.42%,0.47%,0.47%,0.49%,0.54%,0.51%,0.49%,0.49%,0.52%,0.52%,0.57%,0.57%,0.62%,,,,0.67%,0.64%,0.64%,0.67%,0.70%,0.66%,0.71%,0.69%,0.76%,0.75%,0.72%,0.78%,0.76%,0.77%,0.79%,0.83%,0.80%,0.79%,0.80%,0.83%,0.82%,0.85%,0.85%,0.85%,0.90%,0.90%,0.94%,1.00%,1.01%,1.05%,1.07%,1.07%,1.12%,1.10%,1.15%,1.06%,1.20%,1.08%,1.14%,1.09%,1.08%,1.14%,1.18%,1.14%,1.17%,1.17%,1.08%,1.08%,1.16%,1.08%,1.08%,1.07%,1.07%,0.95%,0.91%,0.80%
 NVIDIA GeForce 9800 GT,,,,,,,,,,,,,,,,,,,,,,,,,,,,,,,,,0.15%,,,,,,,,0.24%,0.35%,0.35%,0.36%,0.37%,0.38%,0.40%,0.42%,,,,,,,,,,,,,,,,,,,,,,,,,,,,,,,,,,,,,,,,,,,,,,,,,,,,,,,,,,,,,,,,,,,,,,,
 NVIDIA GeForce GTS 250,,,,,,,,,,,,,,,,,,,,,,,,,,,,,,,,,,,,,,,,,0.22%,0.33%,0.35%,0.36%,0.38%,0.37%,0.41%,0.44%,0.43%,0.46%,0.45%,0.46%,0.49%,0.52%,0.52%,0.56%,0.56%,0.61%,0.61%,0.63%,,,,0.70%,0.75%,0.77%,0.80%,0.82%,0.83%,0.88%,0.91%,0.97%,0.99%,1.01%,1.05%,1.09%,1.14%,1.14%,1.21%,1.23%,1.26%,1.38%,1.38%,1.42%,1.43%,1.56%,1.56%,1.59%,1.59%,1.62%,1.75%,1.75%,1.83%,1.94%,1.98%,,,,,,,,,,,,,,,,,,,,,,,,
 AMD Radeon HD 6450,,,,,,,,,,,,,,,,,,,,,,,,,,,,,,,,,,,,,,,,,0.20%,0.26%,0.27%,0.28%,0.28%,0.29%,0.29%,0.29%,0.30%,0.30%,0.30%,0.30%,0.32%,0.31%,0.31%,0.33%,0.33%,0.35%,0.35%,0.37%,,,,0.38%,0.42%,0.41%,0.40%,,,,,,,,,,,,,,,,,,,,,,,,,,,,,,,,,,,,,,,,,,,,,,,,,,,,
 NVIDIA GeForce GT 540M,,,,,,,,,,,,,,,,,,,,,,,,,,,,,,,,,,,,,,,,,0.20%,0.31%,0.32%,0.30%,0.33%,0.38%,0.41%,0.43%,0.43%,0.44%,0.46%,0.46%,0.49%,0.53%,0.53%,0.55%,0.55%,0.60%,0.60%,0.61%,,,,0.69%,0.73%,0.79%,0.77%,0.78%,0.84%,0.91%,0.92%,0.93%,0.95%,0.98%,1.01%,1.03%,1.03%,0.95%,1.07%,1.13%,1.18%,1.27%,1.39%,1.41%,1.44%,1.44%,1.44%,1.56%,1.56%,1.62%,1.64%,1.63%,1.64%,1.67%,1.61%,1.61%,1.46%,,,,,,,,,,,,,,,,,,,,,,
 NVIDIA GeForce GT 650M,,,,,,,,,,,,,,,,,,,,,,,,,,,,,,,,,,,,,,,,,0.20%,0.31%,0.32%,0.31%,0.33%,0.35%,0.37%,0.39%,0.39%,0.41%,0.42%,0.43%,0.43%,0.47%,0.47%,0.48%,0.48%,0.54%,0.54%,0.54%,,,,0.63%,0.69%,0.71%,0.73%,0.75%,0.78%,0.78%,0.81%,0.81%,0.85%,0.88%,0.86%,0.90%,0.78%,0.73%,0.81%,0.80%,0.78%,0.74%,0.81%,0.74%,0.69%,0.61%,0.61%,,,,,,,,,,,,,,,,,,,,,,,,,,,,,,,,
 NVIDIA GeForce GTX 560,,,,,,,,,,,,,,,,,,,,,,,,,,,,,,,,,,,,,,,,,0.20%,0.31%,0.33%,0.35%,0.36%,0.36%,0.39%,0.40%,0.41%,0.44%,0.46%,0.46%,0.49%,0.55%,0.55%,0.55%,0.55%,0.65%,0.65%,0.66%,,,,0.78%,0.87%,0.93%,0.97%,1.00%,1.05%,1.10%,1.10%,1.11%,1.19%,1.27%,1.27%,1.35%,1.40%,1.46%,1.48%,1.59%,1.68%,1.72%,1.63%,1.66%,1.62%,1.72%,1.72%,1.69%,1.69%,1.80%,1.78%,1.79%,1.67%,4.77%,4.67%,4.61%,4.63%,3.71%,3.12%,2.81%,2.42%,1.97%,1.63%,1.42%,1.00%,0.85%,0.60%,,,,,,,,,,,,
 AMD Radeon HD 6700 Series,,,,,,,,,,,,,,,,,,,,,,,,,,,,,,,,,,,,,,,,,0.19%,0.27%,0.27%,0.28%,0.30%,0.30%,0.32%,0.32%,0.32%,0.35%,0.34%,0.36%,0.37%,0.38%,0.38%,0.40%,0.40%,0.45%,0.45%,0.46%,,,,,,,,,,,,,,,,,,,,,,,,,,,,,,,,,,,,,,,,,,,,,,,,,,,,,,,,,,,
 NVIDIA GeForce GT 240,,,,,,,,,,,,,,,,,,,,,,,,,,,,,,,,,,,,,,,,,0.18%,0.28%,0.28%,0.30%,0.32%,0.32%,0.34%,0.33%,0.34%,0.36%,0.37%,0.39%,0.39%,0.39%,0.39%,0.48%,0.48%,0.42%,0.42%,0.46%,,,,0.47%,0.48%,0.51%,0.51%,0.54%,0.53%,0.56%,0.54%,0.58%,0.56%,0.58%,0.60%,0.64%,0.65%,0.66%,0.65%,0.68%,0.67%,0.70%,0.68%,0.74%,0.71%,0.75%,0.75%,0.78%,0.78%,0.82%,0.85%,0.85%,0.86%,0.91%,0.95%,0.92%,1.00%,0.77%,0.82%,0.86%,0.86%,0.76%,0.82%,0.78%,0.80%,0.87%,0.85%,0.85%,0.85%,0.84%,0.84%,0.84%,0.80%,0.80%,0.69%,0.69%,0.58%,,
 NVIDIA GeForce GTX 680,,,,,,,,,,,,,,,,,,,,,,,,,,,,,,,,,,,,,,,,,0.18%,0.24%,0.26%,0.27%,0.28%,0.31%,0.31%,0.33%,0.34%,0.34%,0.36%,0.35%,0.36%,0.43%,0.43%,0.43%,0.43%,0.49%,0.49%,0.51%,,,,0.58%,0.66%,0.69%,0.72%,0.73%,0.77%,0.77%,0.92%,0.84%,0.91%,0.91%,0.92%,0.95%,1.04%,1.12%,1.09%,1.14%,1.15%,1.16%,1.17%,1.09%,1.01%,0.97%,0.97%,0.81%,0.81%,0.73%,0.65%,0.53%,,,,,,,,,,,,,,,,,,,,,,,,,,,
 NVIDIA GeForce 610M,,,,,,,,,,,,,,,,,,,,,,,,,,,,,,,,,,,,,,,,,0.17%,0.27%,0.27%,0.27%,0.28%,0.31%,0.32%,0.37%,0.37%,0.39%,0.40%,0.39%,0.40%,0.42%,0.42%,0.41%,0.41%,0.41%,0.41%,0.43%,,,,0.44%,0.48%,0.48%,0.49%,,,,,,,,,,,,,,,,,,,,,,,,,,,,,,,,,,,,,,,,,,,,,,,,,,,,
 Intel G41 Express Chipset,,,,,,,,,,,,,,,,,,,,,,,,,,,,,,,,,,,,,,,,,0.17%,0.30%,0.30%,0.32%,0.33%,0.33%,0.36%,0.18%,,,,,,,,,,,,,,,,,,,,,,,,,,,,,,,,,,,,,,,,,,,,,,,,,,,,,,,,,,,,,,,,,,,,,,,
 Mobile Intel 4 Series Express Chipset Family,,,,,,,,,,,,,,,,,,,,,,,,,,,,,,,,,,,,,,,,,0.16%,0.37%,0.40%,0.39%,0.40%,0.42%,0.44%,0.24%,,,,,,,,,,,,,,,,,,,,,,,,,,,,,,,,,,,,,,,,,,,,,,,,,,,,,,,,,,,,,,,,,,,,,,,
 AMD Radeon HD 6900 Series,,,,,,,,,,,,,,,,,,,,,,,,,,,,,,,,,,,,,,,,,,0.22%,0.24%,0.25%,0.25%,0.27%,0.28%,0.29%,0.31%,,,,,,,,,,,,,,,,,,,,,,,,,,,,,,,,,,,,,,,,,,,,,,,,,,,,,,,,,,,,,,,,,,,,,,
 NVIDIA GeForce GTX 460,,,,,,,,,,,,,,,,,,,,,,,,,,,,,,,,,,,,,,,,,,0.22%,0.23%,0.24%,0.26%,0.26%,0.27%,0.28%,0.30%,0.32%,0.33%,0.34%,0.35%,0.42%,0.42%,0.44%,0.44%,0.50%,0.50%,0.53%,,,,0.63%,0.78%,0.76%,0.80%,0.84%,0.87%,0.93%,1.00%,1.03%,1.06%,1.15%,1.16%,1.26%,1.48%,1.44%,1.49%,1.59%,1.65%,1.72%,1.71%,1.72%,1.85%,1.97%,1.97%,2.04%,2.04%,2.18%,2.24%,2.28%,2.33%,2.70%,2.84%,2.82%,3.06%,3.43%,3.30%,3.43%,3.55%,3.48%,3.37%,3.35%,2.98%,3.19%,2.79%,2.95%,2.95%,2.49%,2.49%,1.68%,1.32%,1.32%,0.97%,0.97%,,,
 AMD Radeon HD 7600M Series,,,,,,,,,,,,,,,,,,,,,,,,,,,,,,,,,,,,,,,,,,0.21%,0.21%,0.22%,0.23%,0.24%,0.24%,0.24%,0.24%,0.24%,0.23%,0.24%,0.24%,0.25%,0.25%,0.23%,0.23%,,,,,,,,,,,,,,,,,,,,,,,,,,,,,,,,,,,,,,,,,,,,,,,,,,,,,,,,,,,,,,
 ATI Radeon HD 5670,,,,,,,,,,,,,,,,,,,,,,,,,,,,,,,,,,,,,,,,,,0.21%,0.21%,0.22%,0.22%,0.22%,0.23%,0.24%,0.25%,,,,,,,,,,,,,,,,,,,,,,,,,,0.53%,,0.56%,0.57%,0.64%,0.61%,0.60%,0.64%,0.66%,0.69%,0.68%,0.69%,0.69%,0.73%,0.73%,0.78%,0.80%,0.80%,0.82%,0.88%,0.92%,0.90%,0.92%,0.83%,0.82%,0.85%,0.74%,0.76%,0.68%,0.86%,0.71%,0.67%,0.65%,0.64%,0.64%,0.60%,0.60%,,,,,,,,
 NVIDIA GeForce GT 635M,,,,,,,,,,,,,,,,,,,,,,,,,,,,,,,,,,,,,,,,,,0.21%,0.22%,0.21%,0.22%,0.24%,0.25%,0.26%,0.26%,0.27%,0.26%,0.27%,0.28%,0.29%,0.29%,0.29%,0.29%,0.29%,0.29%,0.28%,,,,0.33%,0.35%,0.37%,0.39%,,,,,,,,,,,,,,,,,,,,,,,,,,,,,,,,,,,,,,,,,,,,,,,,,,,,
 NVIDIA GeForce GT 520,,,,,,,,,,,,,,,,,,,,,,,,,,,,,,,,,,,,,,,,,,0.21%,0.22%,0.22%,0.24%,0.24%,0.25%,0.25%,0.25%,0.27%,0.28%,0.27%,0.28%,0.29%,0.29%,0.31%,0.31%,0.34%,0.34%,0.34%,,,,0.37%,0.38%,0.40%,0.40%,,,,,,,,,,,,0.53%,0.57%,0.58%,0.59%,0.61%,0.61%,0.62%,0.62%,0.62%,0.65%,0.65%,0.70%,0.69%,0.70%,0.66%,0.63%,0.59%,0.55%,0.53%,,,,,,,,,,,,,,,,,,,,,,
 AMD Radeon R6 Graphics,,,,,,,,,,,,,,,,,,,,,,,,,,,,,,,,,,,,,,,,,,0.21%,0.22%,0.22%,0.21%,0.21%,0.19%,0.20%,0.20%,0.19%,0.19%,0.17%,,,,,,,,,,,,,,,,,,,,,,,,,,,,,,,,,,,,,,,,,,,,,,,,,,,,,,,,,,,,,,,,,,,
 AMD Radeon HD 7540D,,,,,,,,,,,,,,,,,,,,,,,,,,,,,,,,,,,,,,,,,,0.20%,0.20%,0.19%,0.21%,0.24%,0.22%,0.26%,0.29%,0.23%,0.25%,0.26%,0.26%,0.25%,0.25%,0.25%,0.25%,0.30%,0.30%,0.32%,,,,0.28%,0.26%,0.20%,0.23%,,,,,,,,,,,,,,,,,,,,,,,,,,,,,,,,,,,,,,,,,,,,,,,,,,,,
 NVIDIA GeForce 8400 GS,,,,,,,,,,,,,,,,,,,,,,,,,,,,,,,,,,,,,,,,,,0.19%,0.19%,0.20%,0.21%,0.21%,0.23%,0.23%,,,,,,,,,,,,,,,,,,,,,,,,,,,,,,,,,,,,,,,,,,,,,,,,,,,,,,,,,,,,,,,,,,,,,,,
 AMD Radeon HD 8400,,,,,,,,,,,,,,,,,,,,,,,,,,,,,,,,,,,,,,,,,,0.18%,0.19%,0.19%,0.20%,0.21%,0.22%,0.22%,0.21%,0.20%,0.21%,0.20%,0.21%,0.22%,0.22%,0.21%,0.21%,0.22%,0.22%,0.21%,,,,0.21%,0.18%,0.18%,0.19%,,,,,,,,,,,,,,,,,,,,,,,,,,,,,,,,,,,,,,,,,,,,,,,,,,,,
 ATI Radeon HD 5500 Series,,,,,,,,,,,,,,,,,,,,,,,,,,,,,,,,,,,,,,,,,,0.18%,0.16%,0.18%,0.19%,0.18%,0.19%,0.21%,0.22%,0.21%,0.21%,0.34%,0.27%,0.19%,0.19%,0.24%,0.24%,0.23%,0.23%,0.25%,,,,,,,,,,,,,,,,,,,,,,,,,,,,,,,,,,,,,,,,,,,,,,,,,,,,,,,,,,,
 NVIDIA GeForce GT 620,,,,,,,,,,,,,,,,,,,,,,,,,,,,,,,,,,,,,,,,,,0.18%,0.19%,0.19%,0.20%,0.21%,0.23%,0.23%,0.22%,0.23%,0.23%,0.24%,0.25%,0.25%,0.25%,0.28%,0.28%,0.30%,0.30%,0.31%,,,,0.32%,0.33%,0.34%,0.34%,,,,,,,,,,,,,,,,,,,,,,,,,,,,,,,,,,,,,,,,,,,,,,,,,,,,
 ATI Radeon HD 5800 Series,,,,,,,,,,,,,,,,,,,,,,,,,,,,,,,,,,,,,,,,,,0.18%,0.19%,0.20%,0.20%,0.21%,0.23%,0.22%,0.24%,0.25%,0.25%,0.24%,0.27%,0.31%,0.31%,0.33%,0.33%,0.37%,0.37%,0.39%,,,,,,,,,,,,,,,,,,,,,,,,,,,,,,,,,,,,,,,,,,,,,,,,,,,,4.56%,4.13%,4.13%,4.03%,4.03%,2.97%,2.76%,2.45%
 NVIDIA GeForce GTX 780 Ti,,,,,,,,,,,,,,,,,,,,,,,,,,,,,,,,,,,,,,,,,,0.18%,0.21%,0.21%,0.22%,0.22%,0.23%,0.25%,0.25%,0.27%,0.26%,0.26%,0.26%,0.32%,0.32%,0.31%,0.31%,0.34%,0.34%,0.35%,,,,0.39%,0.42%,0.42%,0.43%,,,,,,,,,,,,,,,,,,,,,,,,,,,,,,,,,,,,,,,,,,,,,,,,,,,,
 AMD Radeon HD 7640G,,,,,,,,,,,,,,,,,,,,,,,,,,,,,,,,,,,,,,,,,,0.18%,0.19%,0.19%,0.20%,0.21%,0.21%,0.23%,0.23%,0.24%,0.25%,0.25%,0.25%,0.29%,0.29%,0.31%,0.31%,0.34%,0.34%,0.36%,,,,,,,,,,,,,,,,,,,,,,,,,,,,,,,,,,,,,,,,,,,,,,,,,,,,,,,,,,,
 Intel G33/G31 Express Chipset Family,,,,,,,,,,,,,,,,,,,,,,,,,,,,,,,,,,,,,,,,,,0.17%,0.18%,0.19%,0.19%,0.20%,0.20%,,,,,,,,,,,,,,,,,,,,,,,,,,,,,,,,,,,,,,,,,,,,,,,,,,,,,,,,,,,,,,,,,,,,,,,,
 AMD Radeon HD 6310,,,,,,,,,,,,,,,,,,,,,,,,,,,,,,,,,,,,,,,,,,0.17%,0.20%,0.20%,0.20%,0.21%,0.23%,0.23%,0.22%,0.24%,0.24%,0.25%,0.26%,0.29%,0.29%,0.32%,0.32%,0.35%,0.35%,0.34%,,,,0.35%,0.39%,0.41%,0.41%,,,,,,,,,,,,,,,,,,,,,,,,,,,,,,,,,,,,,,,,,,,,,,,,,,,,
 NVIDIA GeForce GTX 765M,,,,,,,,,,,,,,,,,,,,,,,,,,,,,,,,,,,,,,,,,,0.17%,0.19%,0.17%,0.18%,0.21%,0.20%,0.22%,0.22%,0.24%,0.24%,0.23%,0.25%,0.28%,0.28%,0.28%,0.28%,0.30%,0.30%,0.31%,,,,0.35%,0.37%,0.38%,0.39%,,,,,,,,,,,,,,,,,,,,,,,,,,,,,,,,,,,,,,,,,,,,,,,,,,,,
 NVIDIA GeForce GTX 570,,,,,,,,,,,,,,,,,,,,,,,,,,,,,,,,,,,,,,,,,,0.16%,0.17%,0.17%,0.18%,0.19%,0.19%,0.21%,0.22%,0.22%,0.24%,0.23%,0.26%,0.31%,0.31%,0.33%,0.33%,0.39%,0.39%,0.40%,,,,0.49%,0.59%,0.58%,0.61%,0.66%,0.69%,0.75%,0.80%,0.76%,0.85%,0.90%,0.89%,0.94%,1.09%,1.06%,1.11%,1.23%,1.26%,1.32%,1.27%,1.32%,1.39%,1.48%,1.48%,1.48%,1.48%,1.63%,1.61%,1.61%,1.54%,1.50%,1.64%,1.64%,1.70%,1.55%,1.32%,1.39%,1.26%,1.10%,0.99%,0.86%,0.73%,0.68%,,0.52%,0.52%,,,,,,,,,,
 AMD Radeon HD 6530D,,,,,,,,,,,,,,,,,,,,,,,,,,,,,,,,,,,,,,,,,,0.16%,,0.17%,0.17%,0.18%,0.19%,0.17%,0.22%,0.19%,0.20%,0.19%,0.23%,0.18%,0.18%,0.22%,0.22%,0.25%,0.25%,0.26%,,,,0.27%,0.24%,0.24%,0.25%,,,,,,,,,,,,,,,,,,,,,,,,,,,,,,,,,,,,,,,,,,,,,,,,,,,,
 AMD Radeon HD 6520G,,,,,,,,,,,,,,,,,,,,,,,,,,,,,,,,,,,,,,,,,,0.16%,0.16%,0.17%,0.17%,0.18%,0.19%,0.20%,0.20%,0.21%,0.21%,0.22%,0.23%,0.25%,0.25%,0.26%,0.26%,0.30%,0.30%,0.30%,,,,0.34%,0.36%,0.38%,0.38%,,,,,,,,,,,,,,,,,,,,,,,,,,,,,,,,,,,,,,,,,,,,,,,,,,,,
 NVIDIA GeForce GT 720,,,,,,,,,,,,,,,,,,,,,,,,,,,,,,,,,,,,,,,,,,0.16%,,,,0.17%,0.17%,0.16%,,0.16%,,,,,,,,,,,,,,,,,,,,,,,,,,,,,,,,,,,,,,,,,,,,,,,,,,,,,,,,,,,,,,,,,,,,,
 AMD Radeon HD 8330,,,,,,,,,,,,,,,,,,,,,,,,,,,,,,,,,,,,,,,,,,0.16%,0.17%,0.18%,0.18%,0.19%,0.19%,0.19%,0.19%,0.20%,0.20%,0.21%,0.20%,0.22%,0.22%,0.22%,0.22%,0.22%,0.22%,0.21%,,,,0.21%,0.20%,0.19%,0.19%,,,,,,,,,,,,,,,,,,,,,,,,,,,,,,,,,,,,,,,,,,,,,,,,,,,,
 NVIDIA GeForce GTX 660M,,,,,,,,,,,,,,,,,,,,,,,,,,,,,,,,,,,,,,,,,,0.16%,0.16%,0.17%,0.18%,0.20%,0.20%,0.20%,0.22%,0.22%,0.23%,0.23%,0.24%,0.28%,0.28%,0.27%,0.27%,0.31%,0.31%,0.31%,,,,0.36%,0.40%,0.40%,0.43%,,,,,,,,0.53%,0.53%,0.53%,,0.54%,0.54%,0.53%,,0.54%,,,,,,,,,,,,,,,,,,,,,,,,,,,,,,,,,,,,
 NVIDIA GeForce 9400 GT,,,,,,,,,,,,,,,,,,,,,,,,,,,,,,,,,,,,,,,,,,0.16%,0.16%,0.17%,0.18%,0.19%,0.19%,0.20%,,,,,,,,,,,,,,,,,,,,,,,,,,,,,,,,,,,,,,,,,,,,,,,,,,,,,,,,,,,,,,,,,,,,,,,
 ATI Mobility Radeon HD 4570,,,,,,,,,,,,,,,,,,,,,,,,,,,,,,,,,,,,,,,,,,,,0.16%,0.17%,0.17%,0.18%,0.20%,0.18%,0.20%,0.21%,0.21%,0.22%,0.23%,0.23%,0.25%,0.25%,0.28%,0.28%,0.27%,,,,0.32%,0.34%,0.36%,0.36%,,,,,,,,,,,0.52%,0.57%,0.58%,0.58%,0.61%,0.63%,0.65%,0.67%,0.68%,0.68%,0.75%,0.75%,0.78%,0.82%,0.86%,0.89%,0.94%,0.94%,0.98%,0.94%,1.23%,1.16%,1.11%,1.08%,1.21%,1.14%,1.08%,1.12%,1.11%,1.16%,1.01%,1.01%,1.22%,1.22%,1.14%,1.18%,1.18%,1.16%,1.16%,1.08%,1.07%,1.05%
 NVIDIA GeForce 8600 GT,,,,,,,,,,,,,,,,,,,,,,,,,,,,,,,,,,,,,,,,,,,,0.16%,0.17%,0.17%,0.18%,0.19%,,,,,,,,,,,,,,,,,,,,,,,,,,,,,,,,,,,,,,,,,,,,,,,,,,,,,,,,,,,,,,,,,,,,,,,
 AMD Radeon HD 4650,,,,,,,,,,,,,,,,,,,,,,,,,,,,,,,,,,,,,,,,,,,,0.16%,0.17%,0.16%,0.18%,0.19%,0.19%,0.20%,0.19%,0.24%,0.22%,0.20%,0.20%,0.23%,0.23%,0.26%,0.26%,0.25%,,,,0.30%,0.30%,0.31%,0.31%,,,,,,,,,,,,,,,,,,,,,,,,,,,,,,,,,,,,,,,,,,,,,,,,,,,,
 AMD Radeon HD 7660G,,,,,,,,,,,,,,,,,,,,,,,,,,,,,,,,,,,,,,,,,,,,,0.16%,,0.16%,0.16%,0.17%,0.18%,0.19%,0.19%,0.21%,0.22%,0.22%,0.22%,0.22%,0.25%,0.25%,0.24%,,,,,,,,,,,,,,,,,,,,,,,,,,,,,,,,,,,,,,,,,,,,,,,,,,,,,,,,,,,
 AMD Radeon HD 4350,,,,,,,,,,,,,,,,,,,,,,,,,,,,,,,,,,,,,,,,,,,,,0.16%,0.17%,0.17%,0.18%,0.18%,0.19%,0.19%,0.22%,0.20%,0.21%,0.21%,0.21%,0.21%,0.23%,0.23%,0.24%,,,,0.26%,0.27%,0.28%,0.28%,,,,,,,,,,,,,,,,,,,,,,,,,,,,,,,,,,,,,,,,,,,,,,,,,,,,
 ATI 760G,,,,,,,,,,,,,,,,,,,,,,,,,,,,,,,,,,,,,,,,,,,,,,0.17%,0.18%,0.17%,0.17%,0.17%,0.17%,0.19%,0.17%,0.17%,0.17%,0.17%,0.17%,0.17%,0.17%,0.19%,,,,0.18%,0.20%,0.21%,0.21%,,,,,,,,,,,,,,,,,,,,,,,,,,,,,,,,,,,,,,,,,,,,,,,,,,,,
 NVIDIA GeForce GT 520M,,,,,,,,,,,,,,,,,,,,,,,,,,,,,,,,,,,,,,,,,,,,,,0.17%,0.18%,0.18%,0.18%,0.19%,0.19%,0.20%,0.20%,0.22%,0.22%,0.21%,0.21%,0.23%,0.23%,0.23%,,,,0.26%,0.27%,0.27%,0.27%,,,,,,,,,,,,,,,,,,,,,,,,,,,,,,,,,,,,,,,,,,,,,,,,,,,,
 NVIDIA GeForce GT 525M,,,,,,,,,,,,,,,,,,,,,,,,,,,,,,,,,,,,,,,,,,,,,,0.16%,0.17%,0.18%,0.18%,0.18%,0.18%,0.19%,0.20%,0.22%,0.22%,0.23%,0.23%,0.25%,0.25%,0.25%,,,,0.27%,0.30%,0.30%,0.31%,,,,,,,,,,,,,,,,,,,,,,,,,,,,,,,,,,,,,,,,,,,,,,,,,,,,
 AMD Radeon HD 7560D,,,,,,,,,,,,,,,,,,,,,,,,,,,,,,,,,,,,,,,,,,,,,,0.16%,0.17%,0.16%,0.18%,0.16%,0.16%,0.18%,0.18%,0.18%,0.18%,0.21%,0.21%,0.21%,0.21%,0.23%,,,,0.23%,0.22%,0.23%,0.23%,,,,,,,,,,,,,,,,,,,,,,,,,,,,,,,,,,,,,,,,,,,,,,,,,,,,
 AMD Radeon HD 8650G,,,,,,,,,,,,,,,,,,,,,,,,,,,,,,,,,,,,,,,,,,,,,,0.16%,0.16%,0.17%,0.18%,0.18%,0.19%,0.18%,0.20%,0.21%,0.21%,0.22%,0.22%,0.24%,0.24%,0.25%,,,,0.25%,0.25%,0.25%,0.24%,,,,,,,,,,,,,,,,,,,,,,,,,,,,,,,,,,,,,,,,,,,,,,,,,,,,
 ATI Mobility Radeon HD 4200,,,,,,,,,,,,,,,,,,,,,,,,,,,,,,,,,,,,,,,,,,,,,,,0.17%,0.17%,0.17%,0.17%,0.18%,0.18%,0.21%,0.22%,0.22%,0.25%,0.25%,0.27%,0.27%,0.27%,,,,0.35%,0.40%,0.39%,0.41%,,,,,,0.55%,0.53%,0.59%,0.64%,0.62%,0.64%,0.67%,0.71%,0.83%,0.82%,0.86%,0.85%,0.93%,0.92%,0.92%,1.03%,1.03%,1.13%,1.17%,1.26%,1.35%,1.34%,1.29%,1.29%,1.22%,,,,,,,,,,,,,,,,,,,,,,
 AMD Radeon HD 6410D,,,,,,,,,,,,,,,,,,,,,,,,,,,,,,,,,,,,,,,,,,,,,,,0.16%,,0.17%,,0.16%,0.19%,0.19%,,,0.17%,0.17%,0.18%,0.18%,0.19%,,,,0.22%,0.20%,0.19%,0.19%,,,,,,,,,,,,,,,,,,,,,,,,,,,,,,,,,,,,,,,,,,,,,,,,,,,,
 AMD Radeon HD 7400M Series,,,,,,,,,,,,,,,,,,,,,,,,,,,,,,,,,,,,,,,,,,,,,,,0.16%,0.17%,0.17%,0.18%,0.18%,0.18%,0.19%,0.19%,0.19%,0.22%,0.22%,0.23%,0.23%,0.25%,,,,,,,,,,,,,,,,,,,,,,,,,,,,,,,,,,,,,,,,,,,,,,,,,,,,,,,,,,,
 NVIDIA GeForce GT 620M,,,,,,,,,,,,,,,,,,,,,,,,,,,,,,,,,,,,,,,,,,,,,,,,1.19%,2.01%,2.04%,2.04%,2.03%,2.03%,2.00%,2.00%,1.93%,1.93%,1.66%,1.66%,1.60%,,,,1.60%,1.41%,1.42%,1.36%,1.24%,1.16%,1.07%,1.01%,0.98%,0.92%,0.89%,0.82%,0.75%,0.65%,0.56%,0.53%,,,,,,,,,,,,,,,,,,,,,,,,,,,,,,,,,,,,,,,,
 Intel ValleyView2 HD Graphics,,,,,,,,,,,,,,,,,,,,,,,,,,,,,,,,,,,,,,,,,,,,,,,,0.85%,1.68%,1.70%,1.75%,1.70%,1.78%,1.66%,1.66%,1.63%,1.63%,1.37%,1.37%,1.27%,,,,1.03%,0.56%,0.47%,0.40%,,,,,,,,,,,,,,,,,,,,,,,,,,,,,,,,,,,,,,,,,,,,,,,,,,,,
 Intel HD Graphics 2500,,,,,,,,,,,,,,,,,,,,,,,,,,,,,,,,,,,,,,,,,,,,,,,,0.77%,1.47%,1.51%,1.50%,1.54%,1.57%,1.61%,1.61%,1.72%,1.72%,1.73%,1.73%,1.74%,,,,1.65%,1.64%,1.61%,1.60%,1.60%,1.56%,1.33%,1.25%,1.22%,1.16%,1.09%,1.00%,0.89%,0.69%,0.60%,0.55%,,,,,,,,,,,,,,,,,,,,,,,,,,,,,,,,,,,,,,,,
 NVIDIA GeForce 920A,,,,,,,,,,,,,,,,,,,,,,,,,,,,,,,,,,,,,,,,,,,,,,,,0.28%,0.44%,0.42%,0.39%,,,,,,,,,,,,,,,,,,,,,,,,,,,,,,,,,,,,,,,,,,,,,,,,,,,,,,,,,,,,,,,,,,,,
 Mobile Intel 4 Series Express,,,,,,,,,,,,,,,,,,,,,,,,,,,,,,,,,,,,,,,,,,,,,,,,0.24%,0.47%,0.50%,0.50%,0.51%,0.55%,0.57%,0.57%,0.61%,0.61%,0.67%,0.67%,0.65%,,,,0.78%,0.84%,0.85%,0.88%,0.96%,1.01%,0.97%,0.91%,0.97%,0.99%,1.00%,1.10%,1.21%,1.16%,1.15%,1.21%,1.26%,1.40%,1.36%,1.42%,1.42%,1.58%,1.55%,1.55%,1.81%,1.81%,1.69%,1.78%,2.10%,2.32%,2.26%,2.20%,2.19%,2.01%,1.61%,1.57%,1.66%,1.60%,1.54%,1.62%,1.55%,1.91%,1.64%,1.79%,1.29%,1.29%,1.73%,1.73%,1.75%,1.76%,1.76%,1.76%,1.76%,2.14%,2.02%,2.10%
 AMD Radeon HD 8600M Series,,,,,,,,,,,,,,,,,,,,,,,,,,,,,,,,,,,,,,,,,,,,,,,,0.20%,0.26%,0.26%,0.23%,0.21%,0.19%,,,,,,,,,,,,,,,,,,,,,,,,,,,,,,,,,,,,,,,,,,,,,,,,,,,,,,,,,,,,,,,,,,
 Intel G41 Express,,,,,,,,,,,,,,,,,,,,,,,,,,,,,,,,,,,,,,,,,,,,,,,,0.18%,0.35%,0.36%,0.35%,0.37%,0.37%,0.36%,0.36%,0.38%,0.38%,0.37%,0.37%,0.38%,,,,0.40%,0.42%,0.45%,0.46%,,,,,,,,,,,,,,,,,,,,,,,,,0.55%,0.58%,0.56%,0.55%,,,,,,,,,,,,,,,,,,,,,,,,
 AMD Radeon R7 M260 Series,,,,,,,,,,,,,,,,,,,,,,,,,,,,,,,,,,,,,,,,,,,,,,,,0.16%,,,,,,,,,,,,,,,,,,,,,,,,,,,,,,,,,,,,,,,,,,,,,,,,,,,,,,,,,,,,,,,,,,,,,,,
 NVIDIA GeForce GTX 650 Ti Boost,,,,,,,,,,,,,,,,,,,,,,,,,,,,,,,,,,,,,,,,,,,,,,,,0.16%,,0.16%,0.17%,0.17%,0.18%,0.20%,0.20%,0.20%,0.20%,0.22%,0.22%,0.23%,,,,0.25%,0.27%,0.28%,0.29%,,,,,,,,,,,,,,,,,,,,,,,,,,,,,,,,,,,,,,,,,,,,,,,,,,,,
 ATI Radeon HD 5570,,,,,,,,,,,,,,,,,,,,,,,,,,,,,,,,,,,,,,,,,,,,,,,,0.16%,0.18%,,,,,,,,,,,,,,,,,,,,,,,,,,,,,,,,,,,,,,,,,,0.52%,0.52%,0.54%,0.56%,0.58%,0.61%,0.63%,,,,,,,,,,,,,,,,,,,,,,
 Intel Ironlake (Mobile),,,,,,,,,,,,,,,,,,,,,,,,,,,,,,,,,,,,,,,,,,,,,,,,,0.69%,0.70%,0.71%,0.71%,0.76%,0.79%,0.79%,0.82%,0.82%,0.88%,0.88%,0.85%,,,,0.98%,1.06%,1.09%,1.09%,1.18%,1.24%,1.22%,1.19%,1.20%,1.23%,1.25%,1.34%,1.45%,1.40%,1.47%,1.49%,1.51%,1.66%,1.65%,,,,,,,,,,,,,,,,,,,,,,,,,,,,,,,,,,,,,
 NVIDIA GeForce 9500,,,,,,,,,,,,,,,,,,,,,,,,,,,,,,,,,,,,,,,,,,,,,,,,,0.59%,0.65%,0.62%,0.70%,0.70%,0.67%,0.67%,0.72%,0.72%,0.75%,0.75%,0.80%,,,,0.86%,0.90%,0.90%,0.92%,0.95%,0.93%,1.01%,1.01%,1.07%,1.03%,1.05%,1.12%,1.12%,1.13%,1.15%,1.22%,1.21%,1.19%,1.21%,1.23%,1.36%,1.36%,1.34%,1.34%,1.47%,1.47%,1.53%,1.62%,1.66%,1.73%,1.89%,1.86%,1.91%,1.95%,1.87%,2.01%,2.03%,1.95%,1.99%,2.06%,2.17%,2.25%,2.22%,2.12%,2.28%,2.28%,2.41%,2.41%,2.46%,2.55%,2.55%,2.59%,2.59%,2.73%,2.63%,2.63%
 NVIDIA GeForce 9800,,,,,,,,,,,,,,,,,,,,,,,,,,,,,,,,,,,,,,,,,,,,,,,,,0.46%,0.48%,0.49%,0.50%,0.52%,0.55%,0.55%,0.60%,0.60%,0.63%,0.63%,0.66%,,,,0.73%,0.78%,0.80%,0.82%,0.84%,0.85%,0.94%,0.98%,1.02%,0.98%,1.04%,1.09%,1.13%,1.22%,1.23%,1.28%,1.32%,1.40%,1.47%,1.48%,1.56%,1.57%,1.67%,1.67%,1.76%,1.76%,1.88%,1.98%,2.02%,2.03%,2.15%,2.31%,2.33%,2.58%,4.35%,4.97%,4.63%,4.75%,4.97%,5.04%,5.28%,5.22%,5.47%,5.33%,5.72%,5.72%,5.72%,5.72%,6.00%,6.02%,6.02%,6.03%,6.03%,5.62%,5.84%,5.78%
Desktop Haswell GT1,,,,,,,,,,,,,,,,,,,,,,,,,,,,,,,,,,,,,,,,,,,,,,,,,0.26%,0.24%,0.25%,0.24%,0.22%,0.18%,0.18%,0.18%,0.18%,0.17%,0.17%,,,,,,,,,,,,,,,,,,,,,,,,,,,,,,,,,,,,,,,,,,,,,,,,,,,,,,,,,,,,
 NVIDIA GeForce 8400,,,,,,,,,,,,,,,,,,,,,,,,,,,,,,,,,,,,,,,,,,,,,,,,,0.23%,0.23%,0.24%,0.26%,0.27%,0.26%,0.26%,0.27%,0.27%,0.30%,0.30%,0.31%,,,,0.34%,0.37%,0.38%,0.39%,,,,,,,,,,,,0.54%,0.54%,0.56%,0.54%,0.60%,0.60%,0.60%,0.64%,0.64%,0.66%,0.66%,0.72%,0.71%,0.80%,0.82%,0.86%,0.88%,0.88%,0.86%,,0.64%,0.58%,0.57%,0.64%,0.70%,0.66%,0.75%,0.73%,0.72%,0.76%,0.76%,0.85%,0.85%,0.88%,0.89%,0.89%,0.99%,0.99%,1.18%,1.20%,1.21%
 NVIDIA GeForce 8600,,,,,,,,,,,,,,,,,,,,,,,,,,,,,,,,,,,,,,,,,,,,,,,,,0.23%,0.26%,0.26%,0.27%,0.28%,0.29%,0.29%,0.30%,0.30%,0.34%,0.34%,0.34%,,,,0.39%,0.41%,0.44%,0.43%,,,,,0.55%,0.55%,0.57%,0.64%,0.61%,0.65%,0.66%,0.68%,0.73%,0.73%,0.78%,0.85%,0.89%,0.89%,0.96%,0.96%,1.06%,1.06%,1.12%,1.17%,1.21%,1.29%,1.38%,1.43%,1.47%,1.59%,1.92%,2.08%,2.20%,2.11%,2.24%,2.32%,2.37%,2.41%,2.51%,2.62%,2.81%,2.81%,2.96%,2.96%,3.29%,3.36%,3.36%,3.52%,3.52%,4.01%,4.21%,4.37%
 Intel G33/G31 Express,,,,,,,,,,,,,,,,,,,,,,,,,,,,,,,,,,,,,,,,,,,,,,,,,0.21%,0.22%,0.21%,0.22%,0.23%,0.23%,0.23%,0.24%,0.24%,0.25%,0.25%,0.27%,,,,0.28%,0.30%,0.30%,0.31%,,,,,,,,,,,,,,,,,,,,,,,,,0.58%,0.65%,0.63%,0.61%,0.61%,0.54%,,,,,,,,,,,,,,,,,,,,0.63%,0.57%,0.57%
 NVIDIA GeForce 9400,,,,,,,,,,,,,,,,,,,,,,,,,,,,,,,,,,,,,,,,,,,,,,,,,0.21%,0.24%,0.22%,0.25%,0.24%,0.24%,0.24%,0.27%,0.27%,0.29%,0.29%,0.28%,,,,0.33%,0.32%,0.33%,0.34%,,,,,,,,,,,,,,,,,0.52%,0.53%,,,0.59%,0.59%,0.64%,0.62%,0.67%,0.71%,0.76%,0.77%,0.77%,0.73%,0.79%,0.83%,0.87%,0.85%,0.87%,0.82%,0.82%,0.95%,0.87%,1.04%,0.96%,0.96%,1.00%,1.00%,1.10%,1.19%,1.19%,1.24%,1.24%,1.33%,1.39%,1.39%
 Intel HD Graphics - Braswell,,,,,,,,,,,,,,,,,,,,,,,,,,,,,,,,,,,,,,,,,,,,,,,,,0.20%,0.19%,0.17%,,,,,,,,,,,,,,,,,,,,,,,,,,,,,,,,,,,,,,,,,,,,,,,,,,,,,,,,,,,,,,,,,,,,
 AMD Radeon HD 8570D,,,,,,,,,,,,,,,,,,,,,,,,,,,,,,,,,,,,,,,,,,,,,,,,,0.17%,,0.18%,0.17%,0.17%,0.17%,0.17%,0.18%,0.18%,0.19%,0.19%,0.20%,,,,,,,,,,,,,,,,,,,,,,,,,,,,,,,,,,,,,,,,,,,,,,,,,,,,,,,,,,,
 AMD Radeon R7 M260,,,,,,,,,,,,,,,,,,,,,,,,,,,,,,,,,,,,,,,,,,,,,,,,,0.17%,0.17%,0.16%,0.16%,0.16%,0.16%,0.16%,,,,,,,,,,,,,,,,,,,,,,,,,,,,,,,,,,,,,,,,,,,,,,,,,,,,,,,,,,,,,,,,
 NVIDIA GeForce GT 640M,,,,,,,,,,,,,,,,,,,,,,,,,,,,,,,,,,,,,,,,,,,,,,,,,0.16%,0.17%,0.17%,0.16%,0.18%,0.18%,0.18%,0.18%,0.18%,0.19%,0.19%,0.19%,,,,0.22%,0.24%,0.24%,0.25%,,,,,,,,,,,,,,,,,,,,,,,,,,,,,,,,,,,,,,,,,,,,,,,,,,,,
 NVIDIA GeForce 9600,,,,,,,,,,,,,,,,,,,,,,,,,,,,,,,,,,,,,,,,,,,,,,,,,,0.60%,0.61%,0.64%,0.69%,0.69%,0.69%,0.72%,0.72%,0.77%,0.77%,0.77%,,,,0.87%,0.88%,0.92%,0.92%,0.95%,0.96%,1.02%,1.06%,1.13%,1.06%,1.11%,1.18%,1.18%,1.25%,1.29%,1.30%,1.34%,1.34%,1.44%,1.48%,1.57%,1.52%,1.61%,1.61%,1.71%,1.71%,1.82%,1.88%,1.89%,1.89%,2.05%,2.13%,2.18%,2.40%,2.87%,3.15%,3.18%,3.10%,3.06%,3.25%,3.13%,3.42%,3.46%,3.60%,3.73%,3.73%,3.83%,3.83%,4.01%,4.11%,4.11%,4.20%,4.20%,4.31%,4.43%,4.40%
 AMD Radeon HD 5670,,,,,,,,,,,,,,,,,,,,,,,,,,,,,,,,,,,,,,,,,,,,,,,,,,0.25%,0.25%,0.28%,0.28%,0.29%,0.29%,0.32%,0.32%,0.33%,0.33%,0.40%,,,,0.36%,0.41%,0.42%,0.44%,,,,,,,,,,,,,,,,,,,,,,,,,,,,,,,,,,,,,,,,,,,,,,,,,,,,
 AMD Radeon HD 6950,,,,,,,,,,,,,,,,,,,,,,,,,,,,,,,,,,,,,,,,,,,,,,,,,,0.21%,0.22%,0.22%,0.23%,0.29%,0.29%,0.29%,0.29%,0.34%,0.34%,0.35%,,,,0.41%,0.49%,0.49%,0.52%,,,,,,,,,,,,,,,,,,,,,,,,,,,,,,,,,,,,,,,,,,,,,,,,,,,,
 AMD Radeon HD 5570,,,,,,,,,,,,,,,,,,,,,,,,,,,,,,,,,,,,,,,,,,,,,,,,,,0.17%,0.17%,0.17%,0.19%,0.19%,0.19%,0.19%,0.19%,0.23%,0.23%,0.24%,,,,0.24%,0.26%,0.27%,0.28%,,,,,,,,,,,,,,,,,,,,,,,,,,,,,,,,,,,,,,,,,,,,,,,,,,,,
 NVIDIA GeForce GTX 580,,,,,,,,,,,,,,,,,,,,,,,,,,,,,,,,,,,,,,,,,,,,,,,,,,0.16%,0.16%,0.16%,0.17%,0.20%,0.20%,0.21%,0.21%,0.25%,0.25%,0.27%,,,,0.32%,0.39%,0.40%,0.42%,,,,0.54%,0.53%,0.58%,0.59%,0.59%,0.62%,0.73%,0.75%,0.76%,0.81%,0.86%,0.90%,0.90%,0.96%,0.99%,1.03%,1.03%,1.06%,1.06%,1.15%,1.16%,1.21%,1.21%,1.24%,1.34%,1.34%,1.44%,1.33%,1.22%,1.09%,1.01%,0.96%,0.82%,0.76%,0.65%,0.60%,,0.58%,0.58%,,,,,,,,,,
 NVIDIA GeForce GT 755M,,,,,,,,,,,,,,,,,,,,,,,,,,,,,,,,,,,,,,,,,,,,,,,,,,,0.16%,0.17%,0.16%,0.17%,0.17%,0.17%,0.17%,0.17%,0.17%,0.16%,,,,0.18%,0.18%,0.18%,0.18%,,,,,,,,,,,,,,,,,,,,,,,,,,,,,,,,,,,,,,,,,,,,,,,,,,,,
 AMD Radeon HD 4670,,,,,,,,,,,,,,,,,,,,,,,,,,,,,,,,,,,,,,,,,,,,,,,,,,,0.16%,0.18%,0.19%,0.18%,0.18%,0.20%,0.20%,0.21%,0.21%,0.24%,,,,0.25%,0.25%,0.25%,0.26%,,,,,,,,,,,,,,,,,,,,,,,,,,,,,,,,,,,,,,,,,,,,,,,,,,,,
 NVIDIA N16V-GM,,,,,,,,,,,,,,,,,,,,,,,,,,,,,,,,,,,,,,,,,,,,,,,,,,,,0.34%,0.31%,0.17%,0.17%,,,,,,,,,,,,,,,,,,,,,,,,,,,,,,,,,,,,,,,,,,,,,,,,,,,,,,,,,,,,,,,,
 NVIDIA GeForce GT 420,,,,,,,,,,,,,,,,,,,,,,,,,,,,,,,,,,,,,,,,,,,,,,,,,,,,0.16%,,,,,,,,,,,,,,,,,,,,,,,,,,,,,,,,,,,,,,,,,,,,,,,,,,,,,,,,,,,,,,,,,,,
 NVIDIA GeForce 310M,,,,,,,,,,,,,,,,,,,,,,,,,,,,,,,,,,,,,,,,,,,,,,,,,,,,,0.16%,0.16%,0.16%,0.17%,0.17%,0.19%,0.19%,0.18%,,,,0.21%,0.22%,0.23%,0.24%,,,,,,,,,,,,,,,,,,,,,,,,,,,,,,,,,,,,,,,,,,,,,,,,,,,,
 AMD Radeon HD 4850,,,,,,,,,,,,,,,,,,,,,,,,,,,,,,,,,,,,,,,,,,,,,,,,,,,,,,0.18%,0.18%,0.19%,0.19%,0.21%,0.21%,0.22%,,,,0.27%,0.31%,0.31%,0.31%,,,,,,,,,,,,,,,,,,,,,,,,,,,,,,,,,,,,,,,,,,,,,,,,,,,,
 NVIDIA GeForce GTX 260,,,,,,,,,,,,,,,,,,,,,,,,,,,,,,,,,,,,,,,,,,,,,,,,,,,,,,0.17%,0.17%,0.18%,0.18%,0.22%,0.22%,0.23%,,,,0.27%,0.32%,0.33%,0.35%,,,,,,,,0.55%,0.58%,0.66%,0.64%,0.67%,0.75%,0.76%,0.82%,0.80%,0.86%,0.91%,0.95%,0.95%,1.05%,1.05%,1.12%,1.17%,1.24%,1.22%,1.31%,1.39%,1.46%,1.67%,3.82%,3.83%,4.02%,4.30%,4.26%,4.21%,4.43%,4.28%,4.35%,4.46%,4.69%,4.69%,4.55%,4.55%,4.40%,4.35%,4.35%,4.18%,4.18%,3.50%,3.69%,3.60%
 AMD Radeon HD 7520G,,,,,,,,,,,,,,,,,,,,,,,,,,,,,,,,,,,,,,,,,,,,,,,,,,,,,,0.17%,0.17%,0.18%,0.18%,0.20%,0.20%,0.21%,,,,,,,,,,,,,,,,,,,,,,,,,,,,,,,,,,,,,,,,,,,,,,,,,,,,,,,,,,,
 AMD Radeon HD 7310,,,,,,,,,,,,,,,,,,,,,,,,,,,,,,,,,,,,,,,,,,,,,,,,,,,,,,0.17%,0.17%,0.19%,0.19%,0.20%,0.20%,0.20%,,,,0.21%,0.23%,0.22%,0.24%,,,,,,,,,,,,,,,,,,,,,,,,,,,,,,,,,,,,,,,,,,,,,,,,,,,,
 AMD Radeon HD 6320,,,,,,,,,,,,,,,,,,,,,,,,,,,,,,,,,,,,,,,,,,,,,,,,,,,,,,,,0.17%,0.17%,0.17%,0.17%,0.16%,,,,0.19%,0.21%,0.21%,0.22%,,,,,,,,,,,,,,,,,,,,,,,,,,,,,,,,,,,,,,,,,,,,,,,,,,,,
 NVIDIA GeForce GTX 870M,,,,,,,,,,,,,,,,,,,,,,,,,,,,,,,,,,,,,,,,,,,,,,,,,,,,,,,,0.16%,0.16%,0.17%,0.17%,0.16%,,,,0.17%,,,,,,,,,,,,,,,,,,,,,,,,,,,,,,,,,,,,,,,,,,,,,,,,,,,,,,,
 NVIDIA GeForce GTX 770M,,,,,,,,,,,,,,,,,,,,,,,,,,,,,,,,,,,,,,,,,,,,,,,,,,,,,,,,0.16%,0.16%,0.17%,0.17%,0.17%,,,,0.20%,0.21%,0.22%,0.23%,,,,,,,,,,,,,,,,,,,,,,,,,,,,,,,,,,,,,,,,,,,,,,,,,,,,
 AMD Radeon HD 6480G,,,,,,,,,,,,,,,,,,,,,,,,,,,,,,,,,,,,,,,,,,,,,,,,,,,,,,,,0.16%,0.16%,0.16%,0.16%,0.17%,,,,0.19%,0.20%,0.20%,0.20%,,,,,,,,,,,,,,,,,,,,,,,,,,,,,,,,,,,,,,,,,,,,,,,,,,,,
 NVIDIA GeForce GT 555M,,,,,,,,,,,,,,,,,,,,,,,,,,,,,,,,,,,,,,,,,,,,,,,,,,,,,,,,,,0.17%,0.17%,0.17%,,,,0.19%,0.22%,0.22%,0.24%,,,,,,,,,,,,,,,,,,,,,,,0.53%,0.58%,0.54%,0.54%,0.53%,0.55%,,,,,,,,,,,,,,,,,,,,,,,,
 NVIDIA GeForce 6100,,,,,,,,,,,,,,,,,,,,,,,,,,,,,,,,,,,,,,,,,,,,,,,,,,,,,,,,,,0.17%,0.17%,0.17%,,,,0.20%,0.23%,0.23%,0.25%,,,,,,,,,,,,,,,,,,,,,,,0.60%,0.63%,0.66%,0.72%,0.75%,0.69%,0.72%,0.70%,,,,,,,,,,,,,,,0.64%,0.63%,0.63%,0.67%,0.67%,0.96%,0.94%,0.95%
 Mobile Intel 965 Express,,,,,,,,,,,,,,,,,,,,,,,,,,,,,,,,,,,,,,,,,,,,,,,,,,,,,,,,,,0.16%,0.16%,,,,,0.19%,0.20%,0.21%,0.21%,,,,,,,,,,,,,,,,,,,,,,,,,,0.54%,0.54%,0.53%,0.52%,,,,,,,,,,,,,,,,0.58%,0.60%,0.60%,0.60%,0.60%,0.94%,0.93%,1.11%
 AMD Radeon HD 7970,,,,,,,,,,,,,,,,,,,,,,,,,,,,,,,,,,,,,,,,,,,,,,,,,,,,,,,,,,,,,,,,1.09%,1.12%,1.12%,1.12%,,,,,,,,,,,,,,,,,,,,,,,,,,,,,,,,,,,,,,,,,,,,,,,,,,,,
 AMD Radeon HD 7850,,,,,,,,,,,,,,,,,,,,,,,,,,,,,,,,,,,,,,,,,,,,,,,,,,,,,,,,,,,,,,,,1.02%,1.09%,1.12%,1.13%,,,,,,,,,,,,,,,,,,,,,,,,,,,,,,,,,,,,,,,,,,,,,,,,,,,,
 AMD Radeon HD 7770,,,,,,,,,,,,,,,,,,,,,,,,,,,,,,,,,,,,,,,,,,,,,,,,,,,,,,,,,,,,,,,,0.99%,1.06%,1.05%,1.05%,,,,,,,,,,,,,,,,,,,,,,,,,,,,,,,,,,,,,,,,,,,,,,,,,,,,
 AMD Radeon HD 7950,,,,,,,,,,,,,,,,,,,,,,,,,,,,,,,,,,,,,,,,,,,,,,,,,,,,,,,,,,,,,,,,0.82%,0.78%,0.74%,0.73%,,,,,,,,,,,,,,,,,,,,,,,,,,,,,,,,,,,,,,,,,,,,,,,,,,,,
 AMD Radeon HD 5450,,,,,,,,,,,,,,,,,,,,,,,,,,,,,,,,,,,,,,,,,,,,,,,,,,,,,,,,,,,,,,,,0.74%,0.72%,0.74%,0.70%,,,,,,,,,,,,,,,,,,,,,,,,,,,,,,,,,,,,,,,,,,,,,,,,,,,,
 AMD Radeon HD 5770,,,,,,,,,,,,,,,,,,,,,,,,,,,,,,,,,,,,,,,,,,,,,,,,,,,,,,,,,,,,,,,,0.67%,0.77%,0.76%,0.80%,,,,,,,,,,,,,,,,,,,,,,,,,,,,,,,,,,,,,,,,,,,,,,,,,,,,
 AMD Radeon HD 7870,,,,,,,,,,,,,,,,,,,,,,,,,,,,,,,,,,,,,,,,,,,,,,,,,,,,,,,,,,,,,,,,0.64%,0.72%,0.73%,0.75%,,,,,,,,,,,,,,,,,,,,,,,,,,,,,,,,,,,,,,,,,,,,,,,,,,,,
 AMD Radeon HD 7750,,,,,,,,,,,,,,,,,,,,,,,,,,,,,,,,,,,,,,,,,,,,,,,,,,,,,,,,,,,,,,,,0.59%,0.60%,0.58%,0.59%,,,,,,,,,,,,,,,,,,,,,,,,,,,,,,,,,,,,,,,,,,,,,,,,,,,,
 AMD Radeon HD 6850,,,,,,,,,,,,,,,,,,,,,,,,,,,,,,,,,,,,,,,,,,,,,,,,,,,,,,,,,,,,,,,,0.56%,0.64%,0.65%,0.66%,,,,,,,,,,,,,,,,,,,,,,,,,,,,,,,,,,,,,,,,,,,,,,,,,,,,
 AMD Radeon HD 6870,,,,,,,,,,,,,,,,,,,,,,,,,,,,,,,,,,,,,,,,,,,,,,,,,,,,,,,,,,,,,,,,0.52%,0.62%,0.62%,0.66%,,,,,,,,,,,,,,,,,,,,,,,,,,,,,,,,,,,,,,,,,,,,,,,,,,,,
 ATI Mobility Radeon HD 5470,,,,,,,,,,,,,,,,,,,,,,,,,,,,,,,,,,,,,,,,,,,,,,,,,,,,,,,,,,,,,,,,0.45%,0.49%,0.52%,0.51%,0.54%,0.56%,0.59%,0.61%,0.63%,0.64%,0.66%,0.67%,0.70%,0.73%,0.75%,0.77%,0.79%,0.82%,0.84%,0.86%,0.89%,0.91%,0.94%,0.94%,1.00%,1.00%,1.05%,1.03%,1.09%,1.11%,1.10%,1.11%,1.14%,1.07%,,,,,,,,,,,,,,,,,,,,,,
 ATI Mobility Radeon HD 5650,,,,,,,,,,,,,,,,,,,,,,,,,,,,,,,,,,,,,,,,,,,,,,,,,,,,,,,,,,,,,,,,0.39%,0.43%,0.44%,0.45%,,,,,0.56%,0.58%,0.59%,0.63%,0.64%,0.69%,0.71%,0.72%,0.75%,0.76%,0.77%,0.83%,0.83%,0.86%,0.88%,0.88%,0.94%,0.94%,0.98%,1.02%,1.05%,1.02%,1.05%,1.13%,1.12%,1.10%,0.55%,0.53%,0.55%,0.55%,,,,,,,,,,,,,,,,,,
 AMD Radeon HD 7640G + 7670M,,,,,,,,,,,,,,,,,,,,,,,,,,,,,,,,,,,,,,,,,,,,,,,,,,,,,,,,,,,,,,,,0.38%,0.40%,0.41%,0.43%,,,,,,,,,,,,,,,,,,,,,,,,,,,,,,,,,,,,,,,,,,,,,,,,,,,,
 AMD Radeon HD 6770,,,,,,,,,,,,,,,,,,,,,,,,,,,,,,,,,,,,,,,,,,,,,,,,,,,,,,,,,,,,,,,,0.30%,0.33%,0.34%,0.35%,,,,,,,,,,,,,,,,,,,,,,,,,,,,,,,,,,,,,,,,,,,,,,,,,,,,
 AMD Radeon HD 7660G + 7670M,,,,,,,,,,,,,,,,,,,,,,,,,,,,,,,,,,,,,,,,,,,,,,,,,,,,,,,,,,,,,,,,0.28%,0.31%,0.30%,0.30%,,,,,,,,,,,,,,,,,,,,,,,,,,,,,,,,,,,,,,,,,,,,,,,,,,,,
 AMD Radeon HD 6490M,,,,,,,,,,,,,,,,,,,,,,,,,,,,,,,,,,,,,,,,,,,,,,,,,,,,,,,,,,,,,,,,0.27%,0.29%,0.31%,0.31%,,,,,,,,,,,,,,,,,,,,,,,,,,,,,,,,,,,,,,,,,,,,,,,,,,,,
 AMD Radeon HD 8600,,,,,,,,,,,,,,,,,,,,,,,,,,,,,,,,,,,,,,,,,,,,,,,,,,,,,,,,,,,,,,,,0.24%,0.20%,0.19%,0.18%,,,,,,,,,,,,,,,,,,,,,,,,,,,,,,,,,,,,,,,,,,,,,,,,,,,,
 AMD Radeon HD 5750,,,,,,,,,,,,,,,,,,,,,,,,,,,,,,,,,,,,,,,,,,,,,,,,,,,,,,,,,,,,,,,,0.24%,0.27%,0.28%,0.28%,,,,,,,,,,,,,,,,,,,,,,,,,,,,,,,,,,,,,,,,,,,,,,,,,,,,
 AMD Radeon HD 5850,,,,,,,,,,,,,,,,,,,,,,,,,,,,,,,,,,,,,,,,,,,,,,,,,,,,,,,,,,,,,,,,0.23%,0.26%,0.26%,0.27%,,,,,,,,,,,,,,,,,,,,,,,,,,,,,,,,,,,,,,,,,,,,,,,,,,,,
 AMD Radeon HD 7520G + 7670M,,,,,,,,,,,,,,,,,,,,,,,,,,,,,,,,,,,,,,,,,,,,,,,,,,,,,,,,,,,,,,,,0.23%,0.26%,0.25%,0.26%,,,,,,,,,,,,,,,,,,,,,,,,,,,,,,,,,,,,,,,,,,,,,,,,,,,,
 AMD Radeon HD 5500 Series,,,,,,,,,,,,,,,,,,,,,,,,,,,,,,,,,,,,,,,,,,,,,,,,,,,,,,,,,,,,,,,,0.21%,0.16%,0.19%,0.20%,,,,,,,,,,,,,,,,,,,,,,,,,,,,,,,,,,,,,,,,,,,,,,,,,,,,
 NVIDIA GeForce 8800,,,,,,,,,,,,,,,,,,,,,,,,,,,,,,,,,,,,,,,,,,,,,,,,,,,,,,,,,,,,,,,,0.20%,0.22%,0.23%,0.24%,,,,,,,,,,,,0.52%,0.53%,0.56%,0.60%,0.64%,0.66%,0.74%,0.76%,0.76%,0.88%,0.88%,1.02%,1.07%,1.09%,1.16%,1.23%,1.34%,1.45%,1.54%,3.43%,4.10%,4.06%,4.35%,4.36%,4.65%,5.03%,5.07%,5.12%,5.23%,5.32%,5.32%,5.51%,5.51%,6.01%,6.32%,6.32%,6.28%,6.28%,6.24%,6.61%,6.80%
 NVIDIA GeForce GTX 560M,,,,,,,,,,,,,,,,,,,,,,,,,,,,,,,,,,,,,,,,,,,,,,,,,,,,,,,,,,,,,,,,0.17%,0.19%,0.19%,0.21%,,,,,,,,,,,,,,,,,,,,,,,,,0.54%,0.55%,0.56%,0.57%,0.56%,0.54%,,,,,,,,,,,,,,,,,,,,,,
 AMD Radeon HD 5870,,,,,,,,,,,,,,,,,,,,,,,,,,,,,,,,,,,,,,,,,,,,,,,,,,,,,,,,,,,,,,,,0.17%,0.20%,0.21%,0.22%,,,,,,,,,,,,,,,,,,,,,,,,,,,,,,,,,,,,,,,,,,,,,,,,,,,,
 AMD Radeon HD 6970,,,,,,,,,,,,,,,,,,,,,,,,,,,,,,,,,,,,,,,,,,,,,,,,,,,,,,,,,,,,,,,,0.17%,0.17%,0.19%,0.19%,,,,,,,,,,,,,,,,,,,,,,,,,,,,,,,,,,,,,,,,,,,,,,,,,,,,
 AMD Radeon HD 4870,,,,,,,,,,,,,,,,,,,,,,,,,,,,,,,,,,,,,,,,,,,,,,,,,,,,,,,,,,,,,,,,0.16%,0.18%,0.19%,0.20%,,,,,,,,,,,,,,,,,,,,,,,,,,,,,,,,,,,,,,,,,,,,,,,,,,,,
 AMD Radeon HD 6620G,,,,,,,,,,,,,,,,,,,,,,,,,,,,,,,,,,,,,,,,,,,,,,,,,,,,,,,,,,,,,,,,0.16%,0.18%,0.18%,0.18%,,,,,,,,,,,,,,,,,,,,,,,,,,,,,,,,,,,,,,,,,,,,,,,,,,,,
 NVIDIA GeForce GTX 470,,,,,,,,,,,,,,,,,,,,,,,,,,,,,,,,,,,,,,,,,,,,,,,,,,,,,,,,,,,,,,,,,0.17%,0.16%,0.17%,,,,,,,,,,,,,,,,,,,,,,,0.58%,0.58%,0.58%,0.59%,0.61%,0.63%,0.70%,0.76%,1.22%,1.07%,1.22%,1.16%,1.21%,1.23%,1.20%,1.24%,1.15%,1.13%,1.28%,1.28%,1.08%,1.08%,0.93%,0.79%,0.79%,0.65%,0.65%,,,
 ATI Mobility Radeon HD 5430,,,,,,,,,,,,,,,,,,,,,,,,,,,,,,,,,,,,,,,,,,,,,,,,,,,,,,,,,,,,,,,,,0.17%,,0.16%,,,,,,,,,,,,,,,,,,,,,,,,,,,,,,,,,,,,,,,,,,,,,,,,,,,,
 AMD Radeon HD 7670M,,,,,,,,,,,,,,,,,,,,,,,,,,,,,,,,,,,,,,,,,,,,,,,,,,,,,,,,,,,,,,,,,0.16%,0.17%,0.17%,,,,,,,,,,,,,,,,,,,,,,,,,,,,,,,,,,,,,,,,,,,,,,,,,,,,
 AMD Radeon HD 7550M,,,,,,,,,,,,,,,,,,,,,,,,,,,,,,,,,,,,,,,,,,,,,,,,,,,,,,,,,,,,,,,,,,0.16%,0.16%,,,,,,,,,,,,,,,,,,,,,,,,,,,,,,,,,,,,,,,,,,,,,,,,,,,,
 ATI Mobility Radeon HD 4650,,,,,,,,,,,,,,,,,,,,,,,,,,,,,,,,,,,,,,,,,,,,,,,,,,,,,,,,,,,,,,,,,,,0.16%,,,,,,,,,,,,,,,,,,,,,,,,,,,,,0.53%,0.55%,0.91%,0.96%,1.01%,1.00%,0.90%,0.96%,0.91%,1.02%,0.92%,0.86%,0.83%,0.83%,0.94%,0.94%,0.89%,0.87%,0.87%,0.92%,0.92%,0.78%,0.79%,0.74%
AMD Radeon HD 7850,,,,,,,,,,,,,,,,,,,,,,,,,,,,,,,,,,,,,,,,,,,,,,,,,,,,,,,,,,,,,,,,,,,,1.12%,1.19%,1.21%,1.28%,,,,,,,,,,,,,,,,,,,,,,,,,,,,,,,,,,,,,,,,,,,,,,,,
AMD Radeon HD 7770,,,,,,,,,,,,,,,,,,,,,,,,,,,,,,,,,,,,,,,,,,,,,,,,,,,,,,,,,,,,,,,,,,,,1.08%,1.10%,1.11%,1.18%,,,,,,,,,,,,,,,,,,,,,,,,,,,,,,,,,,,,,,,,,,,,,,,,
AMD Radeon HD 7970,,,,,,,,,,,,,,,,,,,,,,,,,,,,,,,,,,,,,,,,,,,,,,,,,,,,,,,,,,,,,,,,,,,,1.07%,1.01%,0.97%,1.04%,,,,,,,,,,,,,,,,,,,,,,,,,,,,,,,,,,,,,,,,,,,,,,,,
AMD Radeon HD 8800 Series,,,,,,,,,,,,,,,,,,,,,,,,,,,,,,,,,,,,,,,,,,,,,,,,,,,,,,,,,,,,,,,,,,,,0.96%,0.87%,0.76%,0.70%,,,,,,,,,,,,,,,,,,,,,,,,,,,,,,,,,,,,,,,,,,,,,,,,
AMD Radeon HD 5770,,,,,,,,,,,,,,,,,,,,,,,,,,,,,,,,,,,,,,,,,,,,,,,,,,,,,,,,,,,,,,,,,,,,0.83%,0.89%,0.95%,1.00%,,,,,,,,,,,,,,,,,,,,,,,,,,,,,,,,,,,,,,,,,,,,,,,,
AMD Radeon HD 6670,,,,,,,,,,,,,,,,,,,,,,,,,,,,,,,,,,,,,,,,,,,,,,,,,,,,,,,,,,,,,,,,,,,,0.83%,0.81%,0.85%,0.88%,,,,,,,,,,,,,,,,,,,,,,,,,,,,,,,,,,,,,,,,,,,,,,,,
AMD Radeon HD 7870,,,,,,,,,,,,,,,,,,,,,,,,,,,,,,,,,,,,,,,,,,,,,,,,,,,,,,,,,,,,,,,,,,,,0.78%,0.80%,0.82%,0.91%,,,,,,,,,,,,,,,,,,,,,,,,,,,,,,,,,,,,,,,,,,,,,,,,
AMD Radeon HD 5450,,,,,,,,,,,,,,,,,,,,,,,,,,,,,,,,,,,,,,,,,,,,,,,,,,,,,,,,,,,,,,,,,,,,0.76%,0.71%,0.74%,0.73%,,,,,,,,,,,,,,,,,,,,,,,,,,,,,,,,,,,,,,,,,,,,,,,,
AMD Radeon HD 7950,,,,,,,,,,,,,,,,,,,,,,,,,,,,,,,,,,,,,,,,,,,,,,,,,,,,,,,,,,,,,,,,,,,,0.71%,0.69%,0.70%,0.76%,,,,,,,,,,,,,,,,,,,,,,,,,,,,,,,,,,,,,,,,,,,,,,,,
AMD Radeon HD 6870,,,,,,,,,,,,,,,,,,,,,,,,,,,,,,,,,,,,,,,,,,,,,,,,,,,,,,,,,,,,,,,,,,,,0.70%,0.74%,0.79%,0.84%,,,,,,,,,,,,,,,,,,,,,,,,,,,,,,,,,,,,,,,,,,,,,,,,
AMD Radeon HD 6850,,,,,,,,,,,,,,,,,,,,,,,,,,,,,,,,,,,,,,,,,,,,,,,,,,,,,,,,,,,,,,,,,,,,0.70%,0.75%,0.81%,0.80%,,,,,,,,,,,,,,,,,,,,,,,,,,,,,,,,,,,,,,,,,,,,,,,,
AMD Radeon HD 7750,,,,,,,,,,,,,,,,,,,,,,,,,,,,,,,,,,,,,,,,,,,,,,,,,,,,,,,,,,,,,,,,,,,,0.60%,0.60%,0.64%,0.69%,,,,,,,,,,,,,,,,,,,,,,,,,,,,,,,,,,,,,,,,,,,,,,,,
AMD Radeon HD 6950,,,,,,,,,,,,,,,,,,,,,,,,,,,,,,,,,,,,,,,,,,,,,,,,,,,,,,,,,,,,,,,,,,,,0.54%,0.57%,0.60%,0.65%,,,,,,,,,,,,,,,,,,,,,,,,,,,,,,,,,,,,,,,,,,,,,,,,
AMD Radeon HD 6570,,,,,,,,,,,,,,,,,,,,,,,,,,,,,,,,,,,,,,,,,,,,,,,,,,,,,,,,,,,,,,,,,,,,,0.55%,0.53%,,,,,,,,,,,,,,,,,,,,,,,,,,,,,,,,,,,,,,,,,,,,,,,,,
 ATI Radeon HD 7850,,,,,,,,,,,,,,,,,,,,,,,,,,,,,,,,,,,,,,,,,,,,,,,,,,,,,,,,,,,,,,,,,,,,,,,,1.26%,1.25%,1.32%,1.31%,1.30%,1.32%,1.33%,1.28%,1.24%,1.23%,1.17%,1.15%,1.09%,0.96%,0.88%,0.88%,0.67%,0.67%,0.55%,,,,,,,,,,,,,,,,,,,,,,,,,,,,,
 ATI Radeon HD 7770,,,,,,,,,,,,,,,,,,,,,,,,,,,,,,,,,,,,,,,,,,,,,,,,,,,,,,,,,,,,,,,,,,,,,,,,1.17%,1.18%,1.17%,1.14%,1.12%,1.14%,1.14%,1.07%,1.05%,0.98%,0.93%,0.93%,0.86%,0.75%,0.73%,0.73%,0.56%,0.56%,,,,,,,,,,,,,,,,,,,,,,,,,,,,,,
 ATI Radeon HD 5770,,,,,,,,,,,,,,,,,,,,,,,,,,,,,,,,,,,,,,,,,,,,,,,,,,,,,,,,,,,,,,,,,,,,,,,,1.01%,1.05%,1.11%,1.12%,1.15%,1.30%,1.28%,1.34%,1.43%,1.49%,1.61%,1.55%,1.61%,1.68%,1.77%,1.77%,1.90%,1.90%,1.97%,2.10%,2.13%,2.16%,2.25%,2.31%,2.54%,2.66%,4.62%,4.36%,4.48%,4.44%,4.38%,4.65%,4.41%,4.41%,4.29%,4.27%,4.48%,4.48%,4.04%,4.04%,,,,,,,,
 ATI Radeon HD 7970,,,,,,,,,,,,,,,,,,,,,,,,,,,,,,,,,,,,,,,,,,,,,,,,,,,,,,,,,,,,,,,,,,,,,,,,0.96%,0.95%,0.95%,0.93%,0.89%,0.87%,0.82%,0.73%,0.73%,0.69%,0.68%,0.65%,0.64%,0.56%,0.54%,0.54%,,,,,,,,,,,,,,,,,,,,,,,,,,,,,,,,
 ATI Radeon HD 6670,,,,,,,,,,,,,,,,,,,,,,,,,,,,,,,,,,,,,,,,,,,,,,,,,,,,,,,,,,,,,,,,,,,,,,,,0.90%,0.90%,0.93%,0.90%,0.91%,0.91%,0.90%,0.94%,0.92%,0.88%,0.92%,0.88%,0.85%,0.85%,0.80%,0.80%,0.72%,0.72%,0.70%,0.65%,0.61%,0.56%,0.56%,,,,,,,,,,,,,,,,,,,,,,,,,
 ATI Radeon HD 7870,,,,,,,,,,,,,,,,,,,,,,,,,,,,,,,,,,,,,,,,,,,,,,,,,,,,,,,,,,,,,,,,,,,,,,,,0.89%,0.91%,0.91%,0.93%,0.90%,0.93%,0.93%,0.89%,0.85%,0.81%,0.76%,0.74%,0.67%,0.61%,0.56%,0.56%,,,,,,,,,,,,,,,,,,,,,,,,,,,,,,,,
 ATI Radeon HD 6870,,,,,,,,,,,,,,,,,,,,,,,,,,,,,,,,,,,,,,,,,,,,,,,,,,,,,,,,,,,,,,,,,,,,,,,,0.84%,0.90%,0.93%,0.93%,1.00%,1.12%,1.11%,1.17%,1.23%,1.30%,1.36%,1.31%,1.36%,1.40%,1.49%,1.49%,1.50%,1.50%,1.62%,1.62%,1.62%,1.63%,1.62%,1.64%,1.68%,1.67%,1.37%,1.13%,1.09%,1.03%,0.99%,0.97%,0.85%,0.71%,0.58%,,,,,,,,,,,,,
 ATI Radeon HD 6850,,,,,,,,,,,,,,,,,,,,,,,,,,,,,,,,,,,,,,,,,,,,,,,,,,,,,,,,,,,,,,,,,,,,,,,,0.82%,0.87%,0.91%,0.92%,0.97%,1.09%,1.08%,1.12%,1.18%,1.22%,1.30%,1.25%,1.31%,1.29%,1.37%,1.37%,1.41%,1.41%,1.52%,1.54%,1.49%,1.47%,1.48%,1.47%,1.52%,1.55%,1.11%,0.98%,1.00%,0.89%,0.77%,0.73%,0.66%,,,,,,,,,,,,,,,
 ATI Radeon HD 7950,,,,,,,,,,,,,,,,,,,,,,,,,,,,,,,,,,,,,,,,,,,,,,,,,,,,,,,,,,,,,,,,,,,,,,,,0.70%,0.75%,0.76%,0.78%,0.79%,0.88%,0.87%,0.80%,0.77%,0.73%,0.69%,0.67%,0.65%,0.55%,,,,,,,,,,,,,,,,,,,,,,,,,,,,,,,,,,
 ATI Radeon HD 7750,,,,,,,,,,,,,,,,,,,,,,,,,,,,,,,,,,,,,,,,,,,,,,,,,,,,,,,,,,,,,,,,,,,,,,,,0.66%,0.65%,0.69%,0.67%,0.65%,0.61%,0.61%,0.58%,0.59%,,,,,,,,,,,,,,,,,,,,,,,,,,,,,,,,,,,,,,,
 ATI Radeon HD 6950,,,,,,,,,,,,,,,,,,,,,,,,,,,,,,,,,,,,,,,,,,,,,,,,,,,,,,,,,,,,,,,,,,,,,,,,0.63%,0.70%,0.73%,0.72%,0.75%,0.87%,0.87%,0.88%,0.94%,0.96%,1.05%,0.99%,1.08%,1.10%,1.20%,1.20%,1.16%,1.16%,1.32%,1.29%,1.27%,1.27%,1.31%,1.38%,1.48%,1.46%,1.36%,1.35%,1.13%,1.10%,1.05%,0.94%,0.73%,0.67%,0.62%,,,,,,,,,,,,,
 ATI Radeon HD 8800 Series,,,,,,,,,,,,,,,,,,,,,,,,,,,,,,,,,,,,,,,,,,,,,,,,,,,,,,,,,,,,,,,,,,,,,,,,0.58%,,,,,,,,,,,,,,,,,,,,,,,,,,,,,,,,,,,,,,,,,,,,,,,
 ATI Radeon HD 6570,,,,,,,,,,,,,,,,,,,,,,,,,,,,,,,,,,,,,,,,,,,,,,,,,,,,,,,,,,,,,,,,,,,,,,,,0.57%,0.53%,0.54%,,,,,0.52%,,,,,,,,,,,,,,,,,,,,,,,,,,,,,,,,,,,,,,,,
 ATI Radeon HD 5850,,,,,,,,,,,,,,,,,,,,,,,,,,,,,,,,,,,,,,,,,,,,,,,,,,,,,,,,,,,,,,,,,,,,,,,,,,,,,0.52%,,,0.53%,0.56%,0.60%,0.58%,0.63%,0.66%,0.71%,0.71%,0.71%,0.71%,0.80%,0.84%,0.83%,0.83%,0.86%,0.95%,1.00%,1.10%,2.55%,2.58%,2.61%,2.67%,2.71%,2.67%,2.81%,2.52%,2.49%,2.53%,2.69%,2.69%,2.33%,2.33%,,,,,,,,
 ATI Radeon HD 4850,,,,,,,,,,,,,,,,,,,,,,,,,,,,,,,,,,,,,,,,,,,,,,,,,,,,,,,,,,,,,,,,,,,,,,,,,,,,,0.52%,0.54%,0.56%,0.59%,0.62%,0.65%,0.66%,0.68%,0.71%,0.78%,0.78%,0.82%,0.82%,0.91%,0.93%,0.96%,1.00%,1.04%,1.09%,1.18%,1.26%,2.82%,2.67%,2.75%,2.92%,3.10%,2.92%,3.06%,2.99%,3.05%,3.13%,3.45%,3.45%,3.14%,3.14%,,,,,,,,
 ATI Radeon HD 6770,,,,,,,,,,,,,,,,,,,,,,,,,,,,,,,,,,,,,,,,,,,,,,,,,,,,,,,,,,,,,,,,,,,,,,,,,,,,,,,0.53%,0.57%,0.54%,0.60%,0.57%,0.61%,0.58%,0.59%,0.59%,0.60%,0.60%,0.63%,0.66%,0.64%,0.62%,0.62%,0.63%,0.60%,0.60%,,,,,,,,,,,,,,,,,,,,,,
 ATI Radeon HD 6520G,,,,,,,,,,,,,,,,,,,,,,,,,,,,,,,,,,,,,,,,,,,,,,,,,,,,,,,,,,,,,,,,,,,,,,,,,,,,,,,0.53%,0.53%,0.57%,0.57%,0.56%,0.56%,0.57%,0.59%,0.59%,0.60%,0.60%,0.60%,0.60%,0.55%,0.53%,,,,,,,,,,,,,,,,,,,,,,,,,,
 ATI Radeon HD 6310,,,,,,,,,,,,,,,,,,,,,,,,,,,,,,,,,,,,,,,,,,,,,,,,,,,,,,,,,,,,,,,,,,,,,,,,,,,,,,,,,0.53%,,0.52%,,,,,,,,,,,,,,,,,,,,,,,,,,,,,,,,,,,,
 ATI Radeon HD 4870,,,,,,,,,,,,,,,,,,,,,,,,,,,,,,,,,,,,,,,,,,,,,,,,,,,,,,,,,,,,,,,,,,,,,,,,,,,,,,,,,,,,,0.55%,0.59%,0.59%,0.65%,0.65%,0.71%,0.73%,0.76%,0.78%,0.77%,0.87%,0.90%,1.02%,2.53%,2.58%,2.57%,2.76%,2.85%,2.92%,2.94%,2.96%,2.98%,2.96%,3.20%,3.20%,3.08%,3.08%,,,,,,,,
 ATI Radeon HD 5870,,,,,,,,,,,,,,,,,,,,,,,,,,,,,,,,,,,,,,,,,,,,,,,,,,,,,,,,,,,,,,,,,,,,,,,,,,,,,,,,,,,,,0.54%,0.58%,0.58%,0.62%,0.62%,0.70%,0.69%,0.70%,0.72%,0.74%,0.82%,0.87%,0.94%,2.30%,2.15%,2.30%,2.33%,2.55%,2.34%,2.40%,2.22%,2.31%,2.25%,2.44%,2.44%,2.19%,2.19%,,,,,,,,
 ATI Radeon HD 5750,,,,,,,,,,,,,,,,,,,,,,,,,,,,,,,,,,,,,,,,,,,,,,,,,,,,,,,,,,,,,,,,,,,,,,,,,,,,,,,,,,,,,,0.53%,0.53%,0.53%,0.53%,0.62%,0.60%,0.60%,0.65%,0.66%,0.68%,0.69%,0.74%,1.01%,0.96%,0.93%,1.01%,1.04%,1.03%,1.01%,0.99%,0.99%,0.99%,0.97%,0.97%,0.98%,0.98%,,,,,,,,
 ATI Radeon HD 4650,,,,,,,,,,,,,,,,,,,,,,,,,,,,,,,,,,,,,,,,,,,,,,,,,,,,,,,,,,,,,,,,,,,,,,,,,,,,,,,,,,,,,,,,0.55%,0.55%,0.60%,0.59%,0.65%,0.67%,0.70%,0.71%,0.72%,0.80%,0.96%,0.97%,0.97%,1.06%,0.98%,1.07%,1.01%,0.94%,1.10%,1.06%,1.12%,1.12%,1.10%,1.10%,1.00%,1.08%,1.08%,1.01%,1.01%,0.93%,0.93%,0.90%
 ATI Radeon HD 4350,,,,,,,,,,,,,,,,,,,,,,,,,,,,,,,,,,,,,,,,,,,,,,,,,,,,,,,,,,,,,,,,,,,,,,,,,,,,,,,,,,,,,,,,0.52%,0.52%,0.54%,0.60%,0.65%,0.65%,0.69%,0.67%,0.66%,0.70%,0.84%,0.86%,0.86%,0.80%,0.83%,0.92%,0.76%,0.81%,0.86%,0.89%,0.77%,0.77%,0.84%,0.84%,0.85%,0.81%,0.81%,0.85%,0.85%,0.82%,0.80%,0.76%
 ATI Radeon HD 4670,,,,,,,,,,,,,,,,,,,,,,,,,,,,,,,,,,,,,,,,,,,,,,,,,,,,,,,,,,,,,,,,,,,,,,,,,,,,,,,,,,,,,,,,,,0.55%,,,0.55%,0.61%,0.61%,0.64%,0.63%,1.01%,0.92%,0.84%,0.95%,0.94%,0.96%,0.86%,1.00%,0.93%,0.97%,0.98%,0.98%,0.99%,0.99%,1.02%,0.99%,0.99%,1.06%,1.06%,0.99%,0.97%,0.99%
 ATI Radeon HD 6970,,,,,,,,,,,,,,,,,,,,,,,,,,,,,,,,,,,,,,,,,,,,,,,,,,,,,,,,,,,,,,,,,,,,,,,,,,,,,,,,,,,,,,,,,,,0.55%,0.53%,,0.53%,0.60%,0.60%,0.63%,0.65%,0.57%,0.60%,,,,,,,,,,,,,,,,,,,
 NVIDIA GeForce GTX 550,,,,,,,,,,,,,,,,,,,,,,,,,,,,,,,,,,,,,,,,,,,,,,,,,,,,,,,,,,,,,,,,,,,,,,,,,,,,,,,,,,,,,,,,,,,,,,2.07%,1.95%,1.77%,1.77%,1.07%,0.98%,0.60%,,,,,,,,,,,,,,,,,,,
 NVIDIA GeForce 8500,,,,,,,,,,,,,,,,,,,,,,,,,,,,,,,,,,,,,,,,,,,,,,,,,,,,,,,,,,,,,,,,,,,,,,,,,,,,,,,,,,,,,,,,,,,,,,,0.54%,0.54%,0.52%,0.60%,0.53%,0.58%,0.60%,0.67%,0.63%,0.73%,0.77%,0.77%,0.73%,0.76%,0.76%,0.99%,0.99%,1.01%,1.10%,1.10%,1.17%,1.17%,1.40%,1.48%,1.47%
 NVIDIA GeForce 9600M,,,,,,,,,,,,,,,,,,,,,,,,,,,,,,,,,,,,,,,,,,,,,,,,,,,,,,,,,,,,,,,,,,,,,,,,,,,,,,,,,,,,,,,,,,,,,,,0.54%,0.57%,0.57%,1.03%,1.07%,1.08%,1.03%,1.11%,1.11%,1.13%,1.13%,1.10%,1.25%,1.23%,1.23%,1.20%,1.20%,1.28%,1.34%,1.34%,1.31%,1.31%,1.26%,1.26%,1.38%
 NVIDIA GeForce GTS 150,,,,,,,,,,,,,,,,,,,,,,,,,,,,,,,,,,,,,,,,,,,,,,,,,,,,,,,,,,,,,,,,,,,,,,,,,,,,,,,,,,,,,,,,,,,,,,,,2.04%,2.21%,2.88%,3.11%,2.96%,3.20%,3.06%,3.12%,3.01%,3.13%,3.28%,3.21%,3.46%,3.46%,3.21%,3.21%,3.19%,3.33%,3.33%,3.07%,3.07%,2.82%,2.70%,2.51%
 ATI Radeon HD 4890,,,,,,,,,,,,,,,,,,,,,,,,,,,,,,,,,,,,,,,,,,,,,,,,,,,,,,,,,,,,,,,,,,,,,,,,,,,,,,,,,,,,,,,,,,,,,,,,,,1.33%,1.22%,1.28%,1.33%,1.41%,1.50%,1.55%,1.38%,1.47%,1.48%,1.65%,1.65%,1.56%,1.56%,,,,,,,,
 NVIDIA GeForce GTX 275,,,,,,,,,,,,,,,,,,,,,,,,,,,,,,,,,,,,,,,,,,,,,,,,,,,,,,,,,,,,,,,,,,,,,,,,,,,,,,,,,,,,,,,,,,,,,,,,,,1.31%,1.17%,1.20%,1.36%,1.40%,1.34%,1.33%,1.36%,1.34%,1.35%,1.38%,1.38%,1.41%,1.41%,1.34%,1.29%,1.29%,1.30%,1.30%,1.08%,1.11%,1.08%
 NVIDIA GeForce GTX 285,,,,,,,,,,,,,,,,,,,,,,,,,,,,,,,,,,,,,,,,,,,,,,,,,,,,,,,,,,,,,,,,,,,,,,,,,,,,,,,,,,,,,,,,,,,,,,,,,,1.10%,1.10%,1.17%,1.21%,1.34%,1.37%,1.35%,1.15%,1.22%,1.28%,1.44%,1.44%,1.27%,1.27%,1.25%,1.20%,1.20%,1.24%,1.24%,0.99%,1.02%,1.04%
 NVIDIA GeForce GTX 480,,,,,,,,,,,,,,,,,,,,,,,,,,,,,,,,,,,,,,,,,,,,,,,,,,,,,,,,,,,,,,,,,,,,,,,,,,,,,,,,,,,,,,,,,,,,,,,,,,0.79%,0.67%,0.73%,0.70%,0.74%,0.74%,0.77%,0.68%,0.64%,0.78%,0.82%,0.82%,0.68%,0.68%,0.62%,0.60%,0.60%,0.56%,0.56%,,,
 NVIDIA GeForce 8600M,,,,,,,,,,,,,,,,,,,,,,,,,,,,,,,,,,,,,,,,,,,,,,,,,,,,,,,,,,,,,,,,,,,,,,,,,,,,,,,,,,,,,,,,,,,,,,,,,,0.75%,0.82%,0.78%,0.71%,0.79%,0.78%,0.81%,0.82%,0.90%,0.89%,0.79%,0.79%,1.03%,1.03%,1.03%,1.04%,1.04%,1.13%,1.13%,1.17%,1.20%,1.31%
 ATI Radeon HD 3200,,,,,,,,,,,,,,,,,,,,,,,,,,,,,,,,,,,,,,,,,,,,,,,,,,,,,,,,,,,,,,,,,,,,,,,,,,,,,,,,,,,,,,,,,,,,,,,,,,0.72%,0.57%,0.71%,0.54%,0.57%,0.62%,0.76%,0.76%,0.72%,0.73%,,,0.67%,0.67%,0.73%,0.75%,0.75%,0.77%,0.77%,0.86%,0.82%,0.86%
 NVIDIA GeForce GTX 260M,,,,,,,,,,,,,,,,,,,,,,,,,,,,,,,,,,,,,,,,,,,,,,,,,,,,,,,,,,,,,,,,,,,,,,,,,,,,,,,,,,,,,,,,,,,,,,,,,,0.61%,0.54%,0.55%,0.62%,0.65%,0.60%,0.64%,0.61%,0.59%,0.60%,0.55%,0.55%,0.56%,0.56%,0.55%,,,0.57%,0.57%,,,
 NVIDIA GeForce GTX 295,,,,,,,,,,,,,,,,,,,,,,,,,,,,,,,,,,,,,,,,,,,,,,,,,,,,,,,,,,,,,,,,,,,,,,,,,,,,,,,,,,,,,,,,,,,,,,,,,,0.61%,0.65%,0.53%,0.58%,0.63%,0.75%,0.67%,0.74%,0.62%,0.67%,0.78%,0.78%,0.73%,0.73%,0.71%,0.73%,0.73%,0.73%,0.73%,0.57%,0.61%,0.59%
 NVIDIA GeForce GTX 280,,,,,,,,,,,,,,,,,,,,,,,,,,,,,,,,,,,,,,,,,,,,,,,,,,,,,,,,,,,,,,,,,,,,,,,,,,,,,,,,,,,,,,,,,,,,,,,,,,0.54%,0.58%,0.61%,0.67%,0.68%,0.78%,0.74%,0.72%,0.70%,0.65%,0.84%,0.84%,0.76%,0.76%,0.72%,0.80%,0.80%,0.78%,0.78%,0.67%,0.72%,0.73%
 ATI Radeon HD 3870,,,,,,,,,,,,,,,,,,,,,,,,,,,,,,,,,,,,,,,,,,,,,,,,,,,,,,,,,,,,,,,,,,,,,,,,,,,,,,,,,,,,,,,,,,,,,,,,,,,0.53%,,0.55%,0.61%,0.56%,0.57%,0.57%,0.63%,0.56%,0.72%,0.72%,0.72%,0.72%,0.78%,0.74%,0.74%,0.78%,0.78%,0.76%,0.79%,0.80%
 NVIDIA GeForce 7600,,,,,,,,,,,,,,,,,,,,,,,,,,,,,,,,,,,,,,,,,,,,,,,,,,,,,,,,,,,,,,,,,,,,,,,,,,,,,,,,,,,,,,,,,,,,,,,,,,,,,,,,,0.59%,0.59%,0.65%,0.63%,0.63%,0.76%,0.76%,0.87%,0.90%,0.90%,0.99%,0.99%,1.26%,1.24%,1.36%
 ATI Mobility Radeon HD 3470,,,,,,,,,,,,,,,,,,,,,,,,,,,,,,,,,,,,,,,,,,,,,,,,,,,,,,,,,,,,,,,,,,,,,,,,,,,,,,,,,,,,,,,,,,,,,,,,,,,,,,,,,0.54%,,,,,0.54%,0.54%,0.62%,0.63%,0.63%,0.68%,0.68%,0.73%,0.72%,0.72%
 ATI Radeon HD 3650,,,,,,,,,,,,,,,,,,,,,,,,,,,,,,,,,,,,,,,,,,,,,,,,,,,,,,,,,,,,,,,,,,,,,,,,,,,,,,,,,,,,,,,,,,,,,,,,,,,,,,,,,,,0.57%,0.55%,0.55%,0.55%,0.55%,,,,,,,,
 ATI Radeon HD 3850,,,,,,,,,,,,,,,,,,,,,,,,,,,,,,,,,,,,,,,,,,,,,,,,,,,,,,,,,,,,,,,,,,,,,,,,,,,,,,,,,,,,,,,,,,,,,,,,,,,,,,,,,,,,0.56%,0.56%,0.58%,0.58%,0.57%,0.56%,0.56%,0.60%,0.60%,0.65%,0.71%,0.68%
 NVIDIA GeForce 7300,,,,,,,,,,,,,,,,,,,,,,,,,,,,,,,,,,,,,,,,,,,,,,,,,,,,,,,,,,,,,,,,,,,,,,,,,,,,,,,,,,,,,,,,,,,,,,,,,,,,,,,,,,,,,,0.58%,0.58%,0.68%,0.69%,0.69%,0.84%,0.84%,1.16%,1.24%,1.24%
 ATI Radeon HD 2600,,,,,,,,,,,,,,,,,,,,,,,,,,,,,,,,,,,,,,,,,,,,,,,,,,,,,,,,,,,,,,,,,,,,,,,,,,,,,,,,,,,,,,,,,,,,,,,,,,,,,,,,,,,,,,0.53%,0.53%,0.59%,0.61%,0.61%,0.61%,0.61%,0.70%,0.73%,0.76%
 ATI Radeon HD 4800 Series,,,,,,,,,,,,,,,,,,,,,,,,,,,,,,,,,,,,,,,,,,,,,,,,,,,,,,,,,,,,,,,,,,,,,,,,,,,,,,,,,,,,,,,,,,,,,,,,,,,,,,,,,,,,,,,,8.74%,8.52%,8.52%,8.35%,8.35%,7.55%,7.62%,7.68%
 NVIDIA GeForce 8400M,,,,,,,,,,,,,,,,,,,,,,,,,,,,,,,,,,,,,,,,,,,,,,,,,,,,,,,,,,,,,,,,,,,,,,,,,,,,,,,,,,,,,,,,,,,,,,,,,,,,,,,,,,,,,,,,0.59%,0.61%,0.61%,0.57%,0.57%,0.68%,0.73%,0.79%
 ATI Radeon HD 5600 Series,,,,,,,,,,,,,,,,,,,,,,,,,,,,,,,,,,,,,,,,,,,,,,,,,,,,,,,,,,,,,,,,,,,,,,,,,,,,,,,,,,,,,,,,,,,,,,,,,,,,,,,,,,,,,,,,0.54%,,,,,,,
 ATI Radeon HD 3600 Series,,,,,,,,,,,,,,,,,,,,,,,,,,,,,,,,,,,,,,,,,,,,,,,,,,,,,,,,,,,,,,,,,,,,,,,,,,,,,,,,,,,,,,,,,,,,,,,,,,,,,,,,,,,,,,,,,,,0.54%,0.54%,0.59%,0.62%,0.63%
 NVIDIA GeForce 6600,,,,,,,,,,,,,,,,,,,,,,,,,,,,,,,,,,,,,,,,,,,,,,,,,,,,,,,,,,,,,,,,,,,,,,,,,,,,,,,,,,,,,,,,,,,,,,,,,,,,,,,,,,,,,,,,,,,0.53%,0.53%,0.77%,0.83%,0.87%
 NVIDIA GeForce FX 5200,,,,,,,,,,,,,,,,,,,,,,,,,,,,,,,,,,,,,,,,,,,,,,,,,,,,,,,,,,,,,,,,,,,,,,,,,,,,,,,,,,,,,,,,,,,,,,,,,,,,,,,,,,,,,,,,,,,,,0.65%,0.67%,0.69%
 NVIDIA GeForce 6200,,,,,,,,,,,,,,,,,,,,,,,,,,,,,,,,,,,,,,,,,,,,,,,,,,,,,,,,,,,,,,,,,,,,,,,,,,,,,,,,,,,,,,,,,,,,,,,,,,,,,,,,,,,,,,,,,,,,,0.59%,0.64%,0.68%
 ATI Radeon X1950,,,,,,,,,,,,,,,,,,,,,,,,,,,,,,,,,,,,,,,,,,,,,,,,,,,,,,,,,,,,,,,,,,,,,,,,,,,,,,,,,,,,,,,,,,,,,,,,,,,,,,,,,,,,,,,,,,,,,,,0.58%
 ATI Radeon X1600,,,,,,,,,,,,,,,,,,,,,,,,,,,,,,,,,,,,,,,,,,,,,,,,,,,,,,,,,,,,,,,,,,,,,,,,,,,,,,,,,,,,,,,,,,,,,,,,,,,,,,,,,,,,,,,,,,,,,,,0.56%
 ATI Radeon 9600,,,,,,,,,,,,,,,,,,,,,,,,,,,,,,,,,,,,,,,,,,,,,,,,,,,,,,,,,,,,,,,,,,,,,,,,,,,,,,,,,,,,,,,,,,,,,,,,,,,,,,,,,,,,,,,,,,,,,,,0.56%
